,0,1,2,sidx,idx_strs,x,y,pargp3,parval1_3,3
0,0,0,59,"(0, 0, 59)",idx0:0_idx1:0_idx2:59,595.0,1205.0,influx_cond_condgr,1.0,1.0
1,0,0,60,"(0, 0, 60)",idx0:0_idx1:0_idx2:60,605.0,1205.0,influx_cond_condgr,1.0,1.0
2,0,0,61,"(0, 0, 61)",idx0:0_idx1:0_idx2:61,615.0,1205.0,influx_cond_condgr,1.0,1.0
3,0,0,62,"(0, 0, 62)",idx0:0_idx1:0_idx2:62,625.0,1205.0,influx_cond_condgr,1.0,1.0
4,0,0,63,"(0, 0, 63)",idx0:0_idx1:0_idx2:63,635.0,1205.0,influx_cond_condgr,1.0,1.0
5,0,0,64,"(0, 0, 64)",idx0:0_idx1:0_idx2:64,645.0,1205.0,influx_cond_condgr,1.0,1.0
6,0,0,65,"(0, 0, 65)",idx0:0_idx1:0_idx2:65,655.0,1205.0,influx_cond_condgr,1.0,1.0
7,0,0,66,"(0, 0, 66)",idx0:0_idx1:0_idx2:66,665.0,1205.0,influx_cond_condgr,1.0,1.0
8,0,0,67,"(0, 0, 67)",idx0:0_idx1:0_idx2:67,675.0,1205.0,influx_cond_condgr,1.0,1.0
9,0,0,68,"(0, 0, 68)",idx0:0_idx1:0_idx2:68,685.0,1205.0,influx_cond_condgr,1.0,1.0
10,0,0,69,"(0, 0, 69)",idx0:0_idx1:0_idx2:69,695.0,1205.0,influx_cond_condgr,1.0,1.0
11,0,0,70,"(0, 0, 70)",idx0:0_idx1:0_idx2:70,705.0,1205.0,influx_cond_condgr,1.0,1.0
12,0,0,71,"(0, 0, 71)",idx0:0_idx1:0_idx2:71,715.0,1205.0,influx_cond_condgr,1.0,1.0
13,0,0,72,"(0, 0, 72)",idx0:0_idx1:0_idx2:72,725.0,1205.0,influx_cond_condgr,1.0,1.0
14,0,0,73,"(0, 0, 73)",idx0:0_idx1:0_idx2:73,735.0,1205.0,influx_cond_condgr,1.0,1.0
15,0,0,74,"(0, 0, 74)",idx0:0_idx1:0_idx2:74,745.0,1205.0,influx_cond_condgr,1.0,1.0
16,0,0,75,"(0, 0, 75)",idx0:0_idx1:0_idx2:75,755.0,1205.0,influx_cond_condgr,1.0,1.0
17,0,0,76,"(0, 0, 76)",idx0:0_idx1:0_idx2:76,765.0,1205.0,influx_cond_condgr,1.0,1.0
18,0,0,77,"(0, 0, 77)",idx0:0_idx1:0_idx2:77,775.0,1205.0,influx_cond_condgr,1.0,1.0
19,0,0,78,"(0, 0, 78)",idx0:0_idx1:0_idx2:78,785.0,1205.0,influx_cond_condgr,1.0,1.0
20,0,0,79,"(0, 0, 79)",idx0:0_idx1:0_idx2:79,795.0,1205.0,influx_cond_condgr,1.0,1.0
21,0,0,80,"(0, 0, 80)",idx0:0_idx1:0_idx2:80,805.0,1205.0,influx_cond_condgr,1.0,1.0
22,0,0,81,"(0, 0, 81)",idx0:0_idx1:0_idx2:81,815.0,1205.0,influx_cond_condgr,1.0,1.0
23,0,1,58,"(0, 1, 58)",idx0:0_idx1:1_idx2:58,585.0,1195.0,influx_cond_condgr,1.0,1.0
24,0,2,56,"(0, 2, 56)",idx0:0_idx1:2_idx2:56,565.0,1185.0,influx_cond_condgr,1.0,1.0
25,0,2,57,"(0, 2, 57)",idx0:0_idx1:2_idx2:57,575.0,1185.0,influx_cond_condgr,1.0,1.0
26,0,3,55,"(0, 3, 55)",idx0:0_idx1:3_idx2:55,555.0,1175.0,influx_cond_condgr,1.0,1.0
27,0,4,53,"(0, 4, 53)",idx0:0_idx1:4_idx2:53,535.0,1165.0,influx_cond_condgr,1.0,1.0
28,0,4,54,"(0, 4, 54)",idx0:0_idx1:4_idx2:54,545.0,1165.0,influx_cond_condgr,1.0,1.0
29,0,5,52,"(0, 5, 52)",idx0:0_idx1:5_idx2:52,525.0,1155.0,influx_cond_condgr,1.0,1.0
30,0,6,50,"(0, 6, 50)",idx0:0_idx1:6_idx2:50,505.0,1145.0,influx_cond_condgr,1.0,1.0
31,0,6,51,"(0, 6, 51)",idx0:0_idx1:6_idx2:51,515.0,1145.0,influx_cond_condgr,1.0,1.0
32,0,7,48,"(0, 7, 48)",idx0:0_idx1:7_idx2:48,485.0,1135.0,influx_cond_condgr,1.0,1.0
33,0,7,49,"(0, 7, 49)",idx0:0_idx1:7_idx2:49,495.0,1135.0,influx_cond_condgr,1.0,1.0
34,0,8,47,"(0, 8, 47)",idx0:0_idx1:8_idx2:47,475.0,1125.0,influx_cond_condgr,1.0,1.0
35,0,9,45,"(0, 9, 45)",idx0:0_idx1:9_idx2:45,455.0,1115.0,influx_cond_condgr,1.0,1.0
36,0,9,46,"(0, 9, 46)",idx0:0_idx1:9_idx2:46,465.0,1115.0,influx_cond_condgr,1.0,1.0
37,0,10,44,"(0, 10, 44)",idx0:0_idx1:10_idx2:44,445.0,1105.0,influx_cond_condgr,1.0,1.0
38,0,11,42,"(0, 11, 42)",idx0:0_idx1:11_idx2:42,425.0,1095.0,influx_cond_condgr,1.0,1.0
39,0,11,43,"(0, 11, 43)",idx0:0_idx1:11_idx2:43,435.0,1095.0,influx_cond_condgr,1.0,1.0
40,0,12,41,"(0, 12, 41)",idx0:0_idx1:12_idx2:41,415.0,1085.0,influx_cond_condgr,1.0,1.0
41,0,13,39,"(0, 13, 39)",idx0:0_idx1:13_idx2:39,395.0,1075.0,influx_cond_condgr,1.0,1.0
42,0,13,40,"(0, 13, 40)",idx0:0_idx1:13_idx2:40,405.0,1075.0,influx_cond_condgr,1.0,1.0
43,0,14,38,"(0, 14, 38)",idx0:0_idx1:14_idx2:38,385.0,1065.0,influx_cond_condgr,1.0,1.0
44,0,15,36,"(0, 15, 36)",idx0:0_idx1:15_idx2:36,365.0,1055.0,influx_cond_condgr,1.0,1.0
45,0,15,37,"(0, 15, 37)",idx0:0_idx1:15_idx2:37,375.0,1055.0,influx_cond_condgr,1.0,1.0
46,0,16,35,"(0, 16, 35)",idx0:0_idx1:16_idx2:35,355.0,1045.0,influx_cond_condgr,1.0,1.0
47,0,17,33,"(0, 17, 33)",idx0:0_idx1:17_idx2:33,335.0,1035.0,influx_cond_condgr,1.0,1.0
48,0,17,34,"(0, 17, 34)",idx0:0_idx1:17_idx2:34,345.0,1035.0,influx_cond_condgr,1.0,1.0
49,0,18,31,"(0, 18, 31)",idx0:0_idx1:18_idx2:31,315.0,1025.0,influx_cond_condgr,1.0,1.0
50,0,18,32,"(0, 18, 32)",idx0:0_idx1:18_idx2:32,325.0,1025.0,influx_cond_condgr,1.0,1.0
51,0,19,30,"(0, 19, 30)",idx0:0_idx1:19_idx2:30,305.0,1015.0,influx_cond_condgr,1.0,1.0
52,0,20,28,"(0, 20, 28)",idx0:0_idx1:20_idx2:28,285.0,1005.0,influx_cond_condgr,1.0,1.0
53,0,20,29,"(0, 20, 29)",idx0:0_idx1:20_idx2:29,295.0,1005.0,influx_cond_condgr,1.0,1.0
54,0,21,27,"(0, 21, 27)",idx0:0_idx1:21_idx2:27,275.0,995.0,influx_cond_condgr,1.0,1.0
55,0,22,25,"(0, 22, 25)",idx0:0_idx1:22_idx2:25,255.0,985.0,influx_cond_condgr,1.0,1.0
56,0,22,26,"(0, 22, 26)",idx0:0_idx1:22_idx2:26,265.0,985.0,influx_cond_condgr,1.0,1.0
57,0,23,24,"(0, 23, 24)",idx0:0_idx1:23_idx2:24,245.0,975.0,influx_cond_condgr,1.0,1.0
58,0,24,22,"(0, 24, 22)",idx0:0_idx1:24_idx2:22,225.0,965.0,influx_cond_condgr,1.0,1.0
59,0,24,23,"(0, 24, 23)",idx0:0_idx1:24_idx2:23,235.0,965.0,influx_cond_condgr,1.0,1.0
60,0,25,21,"(0, 25, 21)",idx0:0_idx1:25_idx2:21,215.0,955.0,influx_cond_condgr,1.0,1.0
61,0,26,20,"(0, 26, 20)",idx0:0_idx1:26_idx2:20,205.0,945.0,influx_cond_condgr,1.0,1.0
62,0,27,19,"(0, 27, 19)",idx0:0_idx1:27_idx2:19,195.0,935.0,influx_cond_condgr,1.0,1.0
63,0,28,19,"(0, 28, 19)",idx0:0_idx1:28_idx2:19,195.0,925.0,influx_cond_condgr,1.0,1.0
64,0,29,18,"(0, 29, 18)",idx0:0_idx1:29_idx2:18,185.0,915.0,influx_cond_condgr,1.0,1.0
65,0,30,18,"(0, 30, 18)",idx0:0_idx1:30_idx2:18,185.0,905.0,influx_cond_condgr,1.0,1.0
66,0,31,18,"(0, 31, 18)",idx0:0_idx1:31_idx2:18,185.0,895.0,influx_cond_condgr,1.0,1.0
67,0,32,17,"(0, 32, 17)",idx0:0_idx1:32_idx2:17,175.0,885.0,influx_cond_condgr,1.0,1.0
68,0,33,17,"(0, 33, 17)",idx0:0_idx1:33_idx2:17,175.0,875.0,influx_cond_condgr,1.0,1.0
69,0,34,16,"(0, 34, 16)",idx0:0_idx1:34_idx2:16,165.0,865.0,influx_cond_condgr,1.0,1.0
70,0,35,16,"(0, 35, 16)",idx0:0_idx1:35_idx2:16,165.0,855.0,influx_cond_condgr,1.0,1.0
71,0,36,15,"(0, 36, 15)",idx0:0_idx1:36_idx2:15,155.0,845.0,influx_cond_condgr,1.0,1.0
72,0,37,15,"(0, 37, 15)",idx0:0_idx1:37_idx2:15,155.0,835.0,influx_cond_condgr,1.0,1.0
73,0,38,14,"(0, 38, 14)",idx0:0_idx1:38_idx2:14,145.0,825.0,influx_cond_condgr,1.0,1.0
74,0,39,14,"(0, 39, 14)",idx0:0_idx1:39_idx2:14,145.0,815.0,influx_cond_condgr,1.0,1.0
75,0,40,14,"(0, 40, 14)",idx0:0_idx1:40_idx2:14,145.0,805.0,influx_cond_condgr,1.0,1.0
76,0,41,13,"(0, 41, 13)",idx0:0_idx1:41_idx2:13,135.0,795.0,influx_cond_condgr,1.0,1.0
77,0,42,13,"(0, 42, 13)",idx0:0_idx1:42_idx2:13,135.0,785.0,influx_cond_condgr,1.0,1.0
78,0,43,12,"(0, 43, 12)",idx0:0_idx1:43_idx2:12,125.0,775.0,influx_cond_condgr,1.0,1.0
79,0,44,12,"(0, 44, 12)",idx0:0_idx1:44_idx2:12,125.0,765.0,influx_cond_condgr,1.0,1.0
80,0,45,11,"(0, 45, 11)",idx0:0_idx1:45_idx2:11,115.0,755.0,influx_cond_condgr,1.0,1.0
81,0,46,11,"(0, 46, 11)",idx0:0_idx1:46_idx2:11,115.0,745.0,influx_cond_condgr,1.0,1.0
82,0,47,10,"(0, 47, 10)",idx0:0_idx1:47_idx2:10,105.0,735.0,influx_cond_condgr,1.0,1.0
83,0,48,10,"(0, 48, 10)",idx0:0_idx1:48_idx2:10,105.0,725.0,influx_cond_condgr,1.0,1.0
84,0,49,10,"(0, 49, 10)",idx0:0_idx1:49_idx2:10,105.0,715.0,influx_cond_condgr,1.0,1.0
85,0,50,9,"(0, 50, 9)",idx0:0_idx1:50_idx2:9,95.0,705.0,influx_cond_condgr,1.0,1.0
86,0,51,9,"(0, 51, 9)",idx0:0_idx1:51_idx2:9,95.0,695.0,influx_cond_condgr,1.0,1.0
87,0,52,8,"(0, 52, 8)",idx0:0_idx1:52_idx2:8,85.0,685.0,influx_cond_condgr,1.0,1.0
88,0,53,8,"(0, 53, 8)",idx0:0_idx1:53_idx2:8,85.0,675.0,influx_cond_condgr,1.0,1.0
89,0,54,7,"(0, 54, 7)",idx0:0_idx1:54_idx2:7,75.0,665.0,influx_cond_condgr,1.0,1.0
90,0,55,7,"(0, 55, 7)",idx0:0_idx1:55_idx2:7,75.0,655.0,influx_cond_condgr,1.0,1.0
91,0,56,6,"(0, 56, 6)",idx0:0_idx1:56_idx2:6,65.0,645.0,influx_cond_condgr,1.0,1.0
92,0,57,6,"(0, 57, 6)",idx0:0_idx1:57_idx2:6,65.0,635.0,influx_cond_condgr,1.0,1.0
93,0,58,5,"(0, 58, 5)",idx0:0_idx1:58_idx2:5,55.0,625.0,influx_cond_condgr,1.0,1.0
94,0,59,5,"(0, 59, 5)",idx0:0_idx1:59_idx2:5,55.0,615.0,influx_cond_condgr,1.0,1.0
95,0,60,5,"(0, 60, 5)",idx0:0_idx1:60_idx2:5,55.0,605.0,influx_cond_condgr,1.0,1.0
96,0,61,4,"(0, 61, 4)",idx0:0_idx1:61_idx2:4,45.0,595.0,influx_cond_condgr,1.0,1.0
97,0,62,4,"(0, 62, 4)",idx0:0_idx1:62_idx2:4,45.0,585.0,influx_cond_condgr,1.0,1.0
98,0,63,3,"(0, 63, 3)",idx0:0_idx1:63_idx2:3,35.0,575.0,influx_cond_condgr,1.0,1.0
99,0,64,3,"(0, 64, 3)",idx0:0_idx1:64_idx2:3,35.0,565.0,influx_cond_condgr,1.0,1.0
100,0,65,2,"(0, 65, 2)",idx0:0_idx1:65_idx2:2,25.0,555.0,influx_cond_condgr,1.0,1.0
101,0,66,2,"(0, 66, 2)",idx0:0_idx1:66_idx2:2,25.0,545.0,influx_cond_condgr,1.0,1.0
102,0,67,2,"(0, 67, 2)",idx0:0_idx1:67_idx2:2,25.0,535.0,influx_cond_condgr,1.0,1.0
103,0,68,2,"(0, 68, 2)",idx0:0_idx1:68_idx2:2,25.0,525.0,influx_cond_condgr,1.0,1.0
104,0,69,1,"(0, 69, 1)",idx0:0_idx1:69_idx2:1,15.0,515.0,influx_cond_condgr,1.0,1.0
105,0,70,1,"(0, 70, 1)",idx0:0_idx1:70_idx2:1,15.0,505.0,influx_cond_condgr,1.0,1.0
106,0,71,1,"(0, 71, 1)",idx0:0_idx1:71_idx2:1,15.0,495.0,influx_cond_condgr,1.0,1.0
107,0,72,1,"(0, 72, 1)",idx0:0_idx1:72_idx2:1,15.0,485.0,influx_cond_condgr,1.0,1.0
108,0,73,1,"(0, 73, 1)",idx0:0_idx1:73_idx2:1,15.0,475.0,influx_cond_condgr,1.0,1.0
109,0,74,1,"(0, 74, 1)",idx0:0_idx1:74_idx2:1,15.0,465.0,influx_cond_condgr,1.0,1.0
110,0,75,1,"(0, 75, 1)",idx0:0_idx1:75_idx2:1,15.0,455.0,influx_cond_condgr,1.0,1.0
111,0,76,1,"(0, 76, 1)",idx0:0_idx1:76_idx2:1,15.0,445.0,influx_cond_condgr,1.0,1.0
112,0,77,1,"(0, 77, 1)",idx0:0_idx1:77_idx2:1,15.0,435.0,influx_cond_condgr,1.0,1.0
113,0,78,1,"(0, 78, 1)",idx0:0_idx1:78_idx2:1,15.0,425.0,influx_cond_condgr,1.0,1.0
114,0,79,1,"(0, 79, 1)",idx0:0_idx1:79_idx2:1,15.0,415.0,influx_cond_condgr,1.0,1.0
115,0,80,1,"(0, 80, 1)",idx0:0_idx1:80_idx2:1,15.0,405.0,influx_cond_condgr,1.0,1.0
116,0,81,1,"(0, 81, 1)",idx0:0_idx1:81_idx2:1,15.0,395.0,influx_cond_condgr,1.0,1.0
117,0,82,1,"(0, 82, 1)",idx0:0_idx1:82_idx2:1,15.0,385.0,influx_cond_condgr,1.0,1.0
118,0,83,1,"(0, 83, 1)",idx0:0_idx1:83_idx2:1,15.0,375.0,influx_cond_condgr,1.0,1.0
119,0,84,1,"(0, 84, 1)",idx0:0_idx1:84_idx2:1,15.0,365.0,influx_cond_condgr,1.0,1.0
120,0,85,1,"(0, 85, 1)",idx0:0_idx1:85_idx2:1,15.0,355.0,influx_cond_condgr,1.0,1.0
121,0,86,1,"(0, 86, 1)",idx0:0_idx1:86_idx2:1,15.0,345.0,influx_cond_condgr,1.0,1.0
122,0,87,1,"(0, 87, 1)",idx0:0_idx1:87_idx2:1,15.0,335.0,influx_cond_condgr,1.0,1.0
123,0,88,1,"(0, 88, 1)",idx0:0_idx1:88_idx2:1,15.0,325.0,influx_cond_condgr,1.0,1.0
124,0,89,1,"(0, 89, 1)",idx0:0_idx1:89_idx2:1,15.0,315.0,influx_cond_condgr,1.0,1.0
125,0,90,1,"(0, 90, 1)",idx0:0_idx1:90_idx2:1,15.0,305.0,influx_cond_condgr,1.0,1.0
126,0,91,1,"(0, 91, 1)",idx0:0_idx1:91_idx2:1,15.0,295.0,influx_cond_condgr,1.0,1.0
127,0,92,1,"(0, 92, 1)",idx0:0_idx1:92_idx2:1,15.0,285.0,influx_cond_condgr,1.0,1.0
128,0,93,1,"(0, 93, 1)",idx0:0_idx1:93_idx2:1,15.0,275.0,influx_cond_condgr,1.0,1.0
129,0,94,1,"(0, 94, 1)",idx0:0_idx1:94_idx2:1,15.0,265.0,influx_cond_condgr,1.0,1.0
130,0,95,0,"(0, 95, 0)",idx0:0_idx1:95_idx2:0,5.0,255.0,influx_cond_condgr,1.0,1.0
131,0,96,0,"(0, 96, 0)",idx0:0_idx1:96_idx2:0,5.0,245.0,influx_cond_condgr,1.0,1.0
132,0,97,0,"(0, 97, 0)",idx0:0_idx1:97_idx2:0,5.0,235.0,influx_cond_condgr,1.0,1.0
133,0,98,0,"(0, 98, 0)",idx0:0_idx1:98_idx2:0,5.0,225.0,influx_cond_condgr,1.0,1.0
134,0,99,0,"(0, 99, 0)",idx0:0_idx1:99_idx2:0,5.0,215.0,influx_cond_condgr,1.0,1.0
135,0,100,0,"(0, 100, 0)",idx0:0_idx1:100_idx2:0,5.0,205.0,influx_cond_condgr,1.0,1.0
136,0,101,0,"(0, 101, 0)",idx0:0_idx1:101_idx2:0,5.0,195.0,influx_cond_condgr,1.0,1.0
137,0,102,0,"(0, 102, 0)",idx0:0_idx1:102_idx2:0,5.0,185.0,influx_cond_condgr,1.0,1.0
138,0,103,0,"(0, 103, 0)",idx0:0_idx1:103_idx2:0,5.0,175.0,influx_cond_condgr,1.0,1.0
139,0,104,0,"(0, 104, 0)",idx0:0_idx1:104_idx2:0,5.0,165.0,influx_cond_condgr,1.0,1.0
140,0,105,0,"(0, 105, 0)",idx0:0_idx1:105_idx2:0,5.0,155.0,influx_cond_condgr,1.0,1.0
141,1,0,59,"(1, 0, 59)",idx0:1_idx1:0_idx2:59,595.0,1205.0,influx_cond_condgr,1.0,1.0
142,1,0,60,"(1, 0, 60)",idx0:1_idx1:0_idx2:60,605.0,1205.0,influx_cond_condgr,1.0,1.0
143,1,0,61,"(1, 0, 61)",idx0:1_idx1:0_idx2:61,615.0,1205.0,influx_cond_condgr,1.0,1.0
144,1,0,62,"(1, 0, 62)",idx0:1_idx1:0_idx2:62,625.0,1205.0,influx_cond_condgr,1.0,1.0
145,1,0,63,"(1, 0, 63)",idx0:1_idx1:0_idx2:63,635.0,1205.0,influx_cond_condgr,1.0,1.0
146,1,0,64,"(1, 0, 64)",idx0:1_idx1:0_idx2:64,645.0,1205.0,influx_cond_condgr,1.0,1.0
147,1,0,65,"(1, 0, 65)",idx0:1_idx1:0_idx2:65,655.0,1205.0,influx_cond_condgr,1.0,1.0
148,1,0,66,"(1, 0, 66)",idx0:1_idx1:0_idx2:66,665.0,1205.0,influx_cond_condgr,1.0,1.0
149,1,0,67,"(1, 0, 67)",idx0:1_idx1:0_idx2:67,675.0,1205.0,influx_cond_condgr,1.0,1.0
150,1,0,68,"(1, 0, 68)",idx0:1_idx1:0_idx2:68,685.0,1205.0,influx_cond_condgr,1.0,1.0
151,1,0,69,"(1, 0, 69)",idx0:1_idx1:0_idx2:69,695.0,1205.0,influx_cond_condgr,1.0,1.0
152,1,0,70,"(1, 0, 70)",idx0:1_idx1:0_idx2:70,705.0,1205.0,influx_cond_condgr,1.0,1.0
153,1,0,71,"(1, 0, 71)",idx0:1_idx1:0_idx2:71,715.0,1205.0,influx_cond_condgr,1.0,1.0
154,1,0,72,"(1, 0, 72)",idx0:1_idx1:0_idx2:72,725.0,1205.0,influx_cond_condgr,1.0,1.0
155,1,0,73,"(1, 0, 73)",idx0:1_idx1:0_idx2:73,735.0,1205.0,influx_cond_condgr,1.0,1.0
156,1,0,74,"(1, 0, 74)",idx0:1_idx1:0_idx2:74,745.0,1205.0,influx_cond_condgr,1.0,1.0
157,1,0,75,"(1, 0, 75)",idx0:1_idx1:0_idx2:75,755.0,1205.0,influx_cond_condgr,1.0,1.0
158,1,0,76,"(1, 0, 76)",idx0:1_idx1:0_idx2:76,765.0,1205.0,influx_cond_condgr,1.0,1.0
159,1,0,77,"(1, 0, 77)",idx0:1_idx1:0_idx2:77,775.0,1205.0,influx_cond_condgr,1.0,1.0
160,1,0,78,"(1, 0, 78)",idx0:1_idx1:0_idx2:78,785.0,1205.0,influx_cond_condgr,1.0,1.0
161,1,0,79,"(1, 0, 79)",idx0:1_idx1:0_idx2:79,795.0,1205.0,influx_cond_condgr,1.0,1.0
162,1,0,80,"(1, 0, 80)",idx0:1_idx1:0_idx2:80,805.0,1205.0,influx_cond_condgr,1.0,1.0
163,1,0,81,"(1, 0, 81)",idx0:1_idx1:0_idx2:81,815.0,1205.0,influx_cond_condgr,1.0,1.0
164,1,1,58,"(1, 1, 58)",idx0:1_idx1:1_idx2:58,585.0,1195.0,influx_cond_condgr,1.0,1.0
165,1,2,56,"(1, 2, 56)",idx0:1_idx1:2_idx2:56,565.0,1185.0,influx_cond_condgr,1.0,1.0
166,1,2,57,"(1, 2, 57)",idx0:1_idx1:2_idx2:57,575.0,1185.0,influx_cond_condgr,1.0,1.0
167,1,3,55,"(1, 3, 55)",idx0:1_idx1:3_idx2:55,555.0,1175.0,influx_cond_condgr,1.0,1.0
168,1,4,53,"(1, 4, 53)",idx0:1_idx1:4_idx2:53,535.0,1165.0,influx_cond_condgr,1.0,1.0
169,1,4,54,"(1, 4, 54)",idx0:1_idx1:4_idx2:54,545.0,1165.0,influx_cond_condgr,1.0,1.0
170,1,5,52,"(1, 5, 52)",idx0:1_idx1:5_idx2:52,525.0,1155.0,influx_cond_condgr,1.0,1.0
171,1,6,50,"(1, 6, 50)",idx0:1_idx1:6_idx2:50,505.0,1145.0,influx_cond_condgr,1.0,1.0
172,1,6,51,"(1, 6, 51)",idx0:1_idx1:6_idx2:51,515.0,1145.0,influx_cond_condgr,1.0,1.0
173,1,7,48,"(1, 7, 48)",idx0:1_idx1:7_idx2:48,485.0,1135.0,influx_cond_condgr,1.0,1.0
174,1,7,49,"(1, 7, 49)",idx0:1_idx1:7_idx2:49,495.0,1135.0,influx_cond_condgr,1.0,1.0
175,1,8,47,"(1, 8, 47)",idx0:1_idx1:8_idx2:47,475.0,1125.0,influx_cond_condgr,1.0,1.0
176,1,9,45,"(1, 9, 45)",idx0:1_idx1:9_idx2:45,455.0,1115.0,influx_cond_condgr,1.0,1.0
177,1,9,46,"(1, 9, 46)",idx0:1_idx1:9_idx2:46,465.0,1115.0,influx_cond_condgr,1.0,1.0
178,1,10,44,"(1, 10, 44)",idx0:1_idx1:10_idx2:44,445.0,1105.0,influx_cond_condgr,1.0,1.0
179,1,11,42,"(1, 11, 42)",idx0:1_idx1:11_idx2:42,425.0,1095.0,influx_cond_condgr,1.0,1.0
180,1,11,43,"(1, 11, 43)",idx0:1_idx1:11_idx2:43,435.0,1095.0,influx_cond_condgr,1.0,1.0
181,1,12,41,"(1, 12, 41)",idx0:1_idx1:12_idx2:41,415.0,1085.0,influx_cond_condgr,1.0,1.0
182,1,13,39,"(1, 13, 39)",idx0:1_idx1:13_idx2:39,395.0,1075.0,influx_cond_condgr,1.0,1.0
183,1,13,40,"(1, 13, 40)",idx0:1_idx1:13_idx2:40,405.0,1075.0,influx_cond_condgr,1.0,1.0
184,1,14,38,"(1, 14, 38)",idx0:1_idx1:14_idx2:38,385.0,1065.0,influx_cond_condgr,1.0,1.0
185,1,15,36,"(1, 15, 36)",idx0:1_idx1:15_idx2:36,365.0,1055.0,influx_cond_condgr,1.0,1.0
186,1,15,37,"(1, 15, 37)",idx0:1_idx1:15_idx2:37,375.0,1055.0,influx_cond_condgr,1.0,1.0
187,1,16,35,"(1, 16, 35)",idx0:1_idx1:16_idx2:35,355.0,1045.0,influx_cond_condgr,1.0,1.0
188,1,17,33,"(1, 17, 33)",idx0:1_idx1:17_idx2:33,335.0,1035.0,influx_cond_condgr,1.0,1.0
189,1,17,34,"(1, 17, 34)",idx0:1_idx1:17_idx2:34,345.0,1035.0,influx_cond_condgr,1.0,1.0
190,1,18,31,"(1, 18, 31)",idx0:1_idx1:18_idx2:31,315.0,1025.0,influx_cond_condgr,1.0,1.0
191,1,18,32,"(1, 18, 32)",idx0:1_idx1:18_idx2:32,325.0,1025.0,influx_cond_condgr,1.0,1.0
192,1,19,30,"(1, 19, 30)",idx0:1_idx1:19_idx2:30,305.0,1015.0,influx_cond_condgr,1.0,1.0
193,1,20,28,"(1, 20, 28)",idx0:1_idx1:20_idx2:28,285.0,1005.0,influx_cond_condgr,1.0,1.0
194,1,20,29,"(1, 20, 29)",idx0:1_idx1:20_idx2:29,295.0,1005.0,influx_cond_condgr,1.0,1.0
195,1,21,27,"(1, 21, 27)",idx0:1_idx1:21_idx2:27,275.0,995.0,influx_cond_condgr,1.0,1.0
196,1,22,25,"(1, 22, 25)",idx0:1_idx1:22_idx2:25,255.0,985.0,influx_cond_condgr,1.0,1.0
197,1,22,26,"(1, 22, 26)",idx0:1_idx1:22_idx2:26,265.0,985.0,influx_cond_condgr,1.0,1.0
198,1,23,24,"(1, 23, 24)",idx0:1_idx1:23_idx2:24,245.0,975.0,influx_cond_condgr,1.0,1.0
199,1,24,22,"(1, 24, 22)",idx0:1_idx1:24_idx2:22,225.0,965.0,influx_cond_condgr,1.0,1.0
200,1,24,23,"(1, 24, 23)",idx0:1_idx1:24_idx2:23,235.0,965.0,influx_cond_condgr,1.0,1.0
201,1,25,21,"(1, 25, 21)",idx0:1_idx1:25_idx2:21,215.0,955.0,influx_cond_condgr,1.0,1.0
202,1,26,20,"(1, 26, 20)",idx0:1_idx1:26_idx2:20,205.0,945.0,influx_cond_condgr,1.0,1.0
203,1,27,19,"(1, 27, 19)",idx0:1_idx1:27_idx2:19,195.0,935.0,influx_cond_condgr,1.0,1.0
204,1,28,19,"(1, 28, 19)",idx0:1_idx1:28_idx2:19,195.0,925.0,influx_cond_condgr,1.0,1.0
205,1,29,18,"(1, 29, 18)",idx0:1_idx1:29_idx2:18,185.0,915.0,influx_cond_condgr,1.0,1.0
206,1,30,18,"(1, 30, 18)",idx0:1_idx1:30_idx2:18,185.0,905.0,influx_cond_condgr,1.0,1.0
207,1,31,18,"(1, 31, 18)",idx0:1_idx1:31_idx2:18,185.0,895.0,influx_cond_condgr,1.0,1.0
208,1,32,17,"(1, 32, 17)",idx0:1_idx1:32_idx2:17,175.0,885.0,influx_cond_condgr,1.0,1.0
209,1,33,17,"(1, 33, 17)",idx0:1_idx1:33_idx2:17,175.0,875.0,influx_cond_condgr,1.0,1.0
210,1,34,16,"(1, 34, 16)",idx0:1_idx1:34_idx2:16,165.0,865.0,influx_cond_condgr,1.0,1.0
211,1,35,16,"(1, 35, 16)",idx0:1_idx1:35_idx2:16,165.0,855.0,influx_cond_condgr,1.0,1.0
212,1,36,15,"(1, 36, 15)",idx0:1_idx1:36_idx2:15,155.0,845.0,influx_cond_condgr,1.0,1.0
213,1,37,15,"(1, 37, 15)",idx0:1_idx1:37_idx2:15,155.0,835.0,influx_cond_condgr,1.0,1.0
214,1,38,14,"(1, 38, 14)",idx0:1_idx1:38_idx2:14,145.0,825.0,influx_cond_condgr,1.0,1.0
215,1,39,14,"(1, 39, 14)",idx0:1_idx1:39_idx2:14,145.0,815.0,influx_cond_condgr,1.0,1.0
216,1,40,14,"(1, 40, 14)",idx0:1_idx1:40_idx2:14,145.0,805.0,influx_cond_condgr,1.0,1.0
217,1,41,13,"(1, 41, 13)",idx0:1_idx1:41_idx2:13,135.0,795.0,influx_cond_condgr,1.0,1.0
218,1,42,13,"(1, 42, 13)",idx0:1_idx1:42_idx2:13,135.0,785.0,influx_cond_condgr,1.0,1.0
219,1,43,12,"(1, 43, 12)",idx0:1_idx1:43_idx2:12,125.0,775.0,influx_cond_condgr,1.0,1.0
220,1,44,12,"(1, 44, 12)",idx0:1_idx1:44_idx2:12,125.0,765.0,influx_cond_condgr,1.0,1.0
221,1,45,11,"(1, 45, 11)",idx0:1_idx1:45_idx2:11,115.0,755.0,influx_cond_condgr,1.0,1.0
222,1,46,11,"(1, 46, 11)",idx0:1_idx1:46_idx2:11,115.0,745.0,influx_cond_condgr,1.0,1.0
223,1,47,10,"(1, 47, 10)",idx0:1_idx1:47_idx2:10,105.0,735.0,influx_cond_condgr,1.0,1.0
224,1,48,10,"(1, 48, 10)",idx0:1_idx1:48_idx2:10,105.0,725.0,influx_cond_condgr,1.0,1.0
225,1,49,10,"(1, 49, 10)",idx0:1_idx1:49_idx2:10,105.0,715.0,influx_cond_condgr,1.0,1.0
226,1,50,9,"(1, 50, 9)",idx0:1_idx1:50_idx2:9,95.0,705.0,influx_cond_condgr,1.0,1.0
227,1,51,9,"(1, 51, 9)",idx0:1_idx1:51_idx2:9,95.0,695.0,influx_cond_condgr,1.0,1.0
228,1,52,8,"(1, 52, 8)",idx0:1_idx1:52_idx2:8,85.0,685.0,influx_cond_condgr,1.0,1.0
229,1,53,8,"(1, 53, 8)",idx0:1_idx1:53_idx2:8,85.0,675.0,influx_cond_condgr,1.0,1.0
230,1,54,7,"(1, 54, 7)",idx0:1_idx1:54_idx2:7,75.0,665.0,influx_cond_condgr,1.0,1.0
231,1,55,7,"(1, 55, 7)",idx0:1_idx1:55_idx2:7,75.0,655.0,influx_cond_condgr,1.0,1.0
232,1,56,6,"(1, 56, 6)",idx0:1_idx1:56_idx2:6,65.0,645.0,influx_cond_condgr,1.0,1.0
233,1,57,6,"(1, 57, 6)",idx0:1_idx1:57_idx2:6,65.0,635.0,influx_cond_condgr,1.0,1.0
234,1,58,5,"(1, 58, 5)",idx0:1_idx1:58_idx2:5,55.0,625.0,influx_cond_condgr,1.0,1.0
235,1,59,5,"(1, 59, 5)",idx0:1_idx1:59_idx2:5,55.0,615.0,influx_cond_condgr,1.0,1.0
236,1,60,5,"(1, 60, 5)",idx0:1_idx1:60_idx2:5,55.0,605.0,influx_cond_condgr,1.0,1.0
237,1,61,4,"(1, 61, 4)",idx0:1_idx1:61_idx2:4,45.0,595.0,influx_cond_condgr,1.0,1.0
238,1,62,4,"(1, 62, 4)",idx0:1_idx1:62_idx2:4,45.0,585.0,influx_cond_condgr,1.0,1.0
239,1,63,3,"(1, 63, 3)",idx0:1_idx1:63_idx2:3,35.0,575.0,influx_cond_condgr,1.0,1.0
240,1,64,3,"(1, 64, 3)",idx0:1_idx1:64_idx2:3,35.0,565.0,influx_cond_condgr,1.0,1.0
241,1,65,2,"(1, 65, 2)",idx0:1_idx1:65_idx2:2,25.0,555.0,influx_cond_condgr,1.0,1.0
242,1,66,2,"(1, 66, 2)",idx0:1_idx1:66_idx2:2,25.0,545.0,influx_cond_condgr,1.0,1.0
243,1,67,2,"(1, 67, 2)",idx0:1_idx1:67_idx2:2,25.0,535.0,influx_cond_condgr,1.0,1.0
244,1,68,2,"(1, 68, 2)",idx0:1_idx1:68_idx2:2,25.0,525.0,influx_cond_condgr,1.0,1.0
245,1,69,1,"(1, 69, 1)",idx0:1_idx1:69_idx2:1,15.0,515.0,influx_cond_condgr,1.0,1.0
246,1,70,1,"(1, 70, 1)",idx0:1_idx1:70_idx2:1,15.0,505.0,influx_cond_condgr,1.0,1.0
247,1,71,1,"(1, 71, 1)",idx0:1_idx1:71_idx2:1,15.0,495.0,influx_cond_condgr,1.0,1.0
248,1,72,1,"(1, 72, 1)",idx0:1_idx1:72_idx2:1,15.0,485.0,influx_cond_condgr,1.0,1.0
249,1,73,1,"(1, 73, 1)",idx0:1_idx1:73_idx2:1,15.0,475.0,influx_cond_condgr,1.0,1.0
250,1,74,1,"(1, 74, 1)",idx0:1_idx1:74_idx2:1,15.0,465.0,influx_cond_condgr,1.0,1.0
251,1,75,1,"(1, 75, 1)",idx0:1_idx1:75_idx2:1,15.0,455.0,influx_cond_condgr,1.0,1.0
252,1,76,1,"(1, 76, 1)",idx0:1_idx1:76_idx2:1,15.0,445.0,influx_cond_condgr,1.0,1.0
253,1,77,1,"(1, 77, 1)",idx0:1_idx1:77_idx2:1,15.0,435.0,influx_cond_condgr,1.0,1.0
254,1,78,1,"(1, 78, 1)",idx0:1_idx1:78_idx2:1,15.0,425.0,influx_cond_condgr,1.0,1.0
255,1,79,1,"(1, 79, 1)",idx0:1_idx1:79_idx2:1,15.0,415.0,influx_cond_condgr,1.0,1.0
256,1,80,1,"(1, 80, 1)",idx0:1_idx1:80_idx2:1,15.0,405.0,influx_cond_condgr,1.0,1.0
257,1,81,1,"(1, 81, 1)",idx0:1_idx1:81_idx2:1,15.0,395.0,influx_cond_condgr,1.0,1.0
258,1,82,1,"(1, 82, 1)",idx0:1_idx1:82_idx2:1,15.0,385.0,influx_cond_condgr,1.0,1.0
259,1,83,1,"(1, 83, 1)",idx0:1_idx1:83_idx2:1,15.0,375.0,influx_cond_condgr,1.0,1.0
260,1,84,1,"(1, 84, 1)",idx0:1_idx1:84_idx2:1,15.0,365.0,influx_cond_condgr,1.0,1.0
261,1,85,1,"(1, 85, 1)",idx0:1_idx1:85_idx2:1,15.0,355.0,influx_cond_condgr,1.0,1.0
262,1,86,1,"(1, 86, 1)",idx0:1_idx1:86_idx2:1,15.0,345.0,influx_cond_condgr,1.0,1.0
263,1,87,1,"(1, 87, 1)",idx0:1_idx1:87_idx2:1,15.0,335.0,influx_cond_condgr,1.0,1.0
264,1,88,1,"(1, 88, 1)",idx0:1_idx1:88_idx2:1,15.0,325.0,influx_cond_condgr,1.0,1.0
265,1,89,1,"(1, 89, 1)",idx0:1_idx1:89_idx2:1,15.0,315.0,influx_cond_condgr,1.0,1.0
266,1,90,1,"(1, 90, 1)",idx0:1_idx1:90_idx2:1,15.0,305.0,influx_cond_condgr,1.0,1.0
267,1,91,1,"(1, 91, 1)",idx0:1_idx1:91_idx2:1,15.0,295.0,influx_cond_condgr,1.0,1.0
268,1,92,1,"(1, 92, 1)",idx0:1_idx1:92_idx2:1,15.0,285.0,influx_cond_condgr,1.0,1.0
269,1,93,1,"(1, 93, 1)",idx0:1_idx1:93_idx2:1,15.0,275.0,influx_cond_condgr,1.0,1.0
270,1,94,1,"(1, 94, 1)",idx0:1_idx1:94_idx2:1,15.0,265.0,influx_cond_condgr,1.0,1.0
271,1,95,0,"(1, 95, 0)",idx0:1_idx1:95_idx2:0,5.0,255.0,influx_cond_condgr,1.0,1.0
272,1,96,0,"(1, 96, 0)",idx0:1_idx1:96_idx2:0,5.0,245.0,influx_cond_condgr,1.0,1.0
273,1,97,0,"(1, 97, 0)",idx0:1_idx1:97_idx2:0,5.0,235.0,influx_cond_condgr,1.0,1.0
274,1,98,0,"(1, 98, 0)",idx0:1_idx1:98_idx2:0,5.0,225.0,influx_cond_condgr,1.0,1.0
275,1,99,0,"(1, 99, 0)",idx0:1_idx1:99_idx2:0,5.0,215.0,influx_cond_condgr,1.0,1.0
276,1,100,0,"(1, 100, 0)",idx0:1_idx1:100_idx2:0,5.0,205.0,influx_cond_condgr,1.0,1.0
277,1,101,0,"(1, 101, 0)",idx0:1_idx1:101_idx2:0,5.0,195.0,influx_cond_condgr,1.0,1.0
278,1,102,0,"(1, 102, 0)",idx0:1_idx1:102_idx2:0,5.0,185.0,influx_cond_condgr,1.0,1.0
279,1,103,0,"(1, 103, 0)",idx0:1_idx1:103_idx2:0,5.0,175.0,influx_cond_condgr,1.0,1.0
280,1,104,0,"(1, 104, 0)",idx0:1_idx1:104_idx2:0,5.0,165.0,influx_cond_condgr,1.0,1.0
281,1,105,0,"(1, 105, 0)",idx0:1_idx1:105_idx2:0,5.0,155.0,influx_cond_condgr,1.0,1.0
282,2,0,59,"(2, 0, 59)",idx0:2_idx1:0_idx2:59,595.0,1205.0,influx_cond_condgr,1.0,1.0
283,2,0,60,"(2, 0, 60)",idx0:2_idx1:0_idx2:60,605.0,1205.0,influx_cond_condgr,1.0,1.0
284,2,0,61,"(2, 0, 61)",idx0:2_idx1:0_idx2:61,615.0,1205.0,influx_cond_condgr,1.0,1.0
285,2,0,62,"(2, 0, 62)",idx0:2_idx1:0_idx2:62,625.0,1205.0,influx_cond_condgr,1.0,1.0
286,2,0,63,"(2, 0, 63)",idx0:2_idx1:0_idx2:63,635.0,1205.0,influx_cond_condgr,1.0,1.0
287,2,0,64,"(2, 0, 64)",idx0:2_idx1:0_idx2:64,645.0,1205.0,influx_cond_condgr,1.0,1.0
288,2,0,65,"(2, 0, 65)",idx0:2_idx1:0_idx2:65,655.0,1205.0,influx_cond_condgr,1.0,1.0
289,2,0,66,"(2, 0, 66)",idx0:2_idx1:0_idx2:66,665.0,1205.0,influx_cond_condgr,1.0,1.0
290,2,0,67,"(2, 0, 67)",idx0:2_idx1:0_idx2:67,675.0,1205.0,influx_cond_condgr,1.0,1.0
291,2,0,68,"(2, 0, 68)",idx0:2_idx1:0_idx2:68,685.0,1205.0,influx_cond_condgr,1.0,1.0
292,2,0,69,"(2, 0, 69)",idx0:2_idx1:0_idx2:69,695.0,1205.0,influx_cond_condgr,1.0,1.0
293,2,0,70,"(2, 0, 70)",idx0:2_idx1:0_idx2:70,705.0,1205.0,influx_cond_condgr,1.0,1.0
294,2,0,71,"(2, 0, 71)",idx0:2_idx1:0_idx2:71,715.0,1205.0,influx_cond_condgr,1.0,1.0
295,2,0,72,"(2, 0, 72)",idx0:2_idx1:0_idx2:72,725.0,1205.0,influx_cond_condgr,1.0,1.0
296,2,0,73,"(2, 0, 73)",idx0:2_idx1:0_idx2:73,735.0,1205.0,influx_cond_condgr,1.0,1.0
297,2,0,74,"(2, 0, 74)",idx0:2_idx1:0_idx2:74,745.0,1205.0,influx_cond_condgr,1.0,1.0
298,2,0,75,"(2, 0, 75)",idx0:2_idx1:0_idx2:75,755.0,1205.0,influx_cond_condgr,1.0,1.0
299,2,0,76,"(2, 0, 76)",idx0:2_idx1:0_idx2:76,765.0,1205.0,influx_cond_condgr,1.0,1.0
300,2,0,77,"(2, 0, 77)",idx0:2_idx1:0_idx2:77,775.0,1205.0,influx_cond_condgr,1.0,1.0
301,2,0,78,"(2, 0, 78)",idx0:2_idx1:0_idx2:78,785.0,1205.0,influx_cond_condgr,1.0,1.0
302,2,0,79,"(2, 0, 79)",idx0:2_idx1:0_idx2:79,795.0,1205.0,influx_cond_condgr,1.0,1.0
303,2,0,80,"(2, 0, 80)",idx0:2_idx1:0_idx2:80,805.0,1205.0,influx_cond_condgr,1.0,1.0
304,2,0,81,"(2, 0, 81)",idx0:2_idx1:0_idx2:81,815.0,1205.0,influx_cond_condgr,1.0,1.0
305,2,1,58,"(2, 1, 58)",idx0:2_idx1:1_idx2:58,585.0,1195.0,influx_cond_condgr,1.0,1.0
306,2,2,56,"(2, 2, 56)",idx0:2_idx1:2_idx2:56,565.0,1185.0,influx_cond_condgr,1.0,1.0
307,2,2,57,"(2, 2, 57)",idx0:2_idx1:2_idx2:57,575.0,1185.0,influx_cond_condgr,1.0,1.0
308,2,3,55,"(2, 3, 55)",idx0:2_idx1:3_idx2:55,555.0,1175.0,influx_cond_condgr,1.0,1.0
309,2,4,53,"(2, 4, 53)",idx0:2_idx1:4_idx2:53,535.0,1165.0,influx_cond_condgr,1.0,1.0
310,2,4,54,"(2, 4, 54)",idx0:2_idx1:4_idx2:54,545.0,1165.0,influx_cond_condgr,1.0,1.0
311,2,5,52,"(2, 5, 52)",idx0:2_idx1:5_idx2:52,525.0,1155.0,influx_cond_condgr,1.0,1.0
312,2,6,50,"(2, 6, 50)",idx0:2_idx1:6_idx2:50,505.0,1145.0,influx_cond_condgr,1.0,1.0
313,2,6,51,"(2, 6, 51)",idx0:2_idx1:6_idx2:51,515.0,1145.0,influx_cond_condgr,1.0,1.0
314,2,7,48,"(2, 7, 48)",idx0:2_idx1:7_idx2:48,485.0,1135.0,influx_cond_condgr,1.0,1.0
315,2,7,49,"(2, 7, 49)",idx0:2_idx1:7_idx2:49,495.0,1135.0,influx_cond_condgr,1.0,1.0
316,2,8,47,"(2, 8, 47)",idx0:2_idx1:8_idx2:47,475.0,1125.0,influx_cond_condgr,1.0,1.0
317,2,9,45,"(2, 9, 45)",idx0:2_idx1:9_idx2:45,455.0,1115.0,influx_cond_condgr,1.0,1.0
318,2,9,46,"(2, 9, 46)",idx0:2_idx1:9_idx2:46,465.0,1115.0,influx_cond_condgr,1.0,1.0
319,2,10,44,"(2, 10, 44)",idx0:2_idx1:10_idx2:44,445.0,1105.0,influx_cond_condgr,1.0,1.0
320,2,11,42,"(2, 11, 42)",idx0:2_idx1:11_idx2:42,425.0,1095.0,influx_cond_condgr,1.0,1.0
321,2,11,43,"(2, 11, 43)",idx0:2_idx1:11_idx2:43,435.0,1095.0,influx_cond_condgr,1.0,1.0
322,2,12,41,"(2, 12, 41)",idx0:2_idx1:12_idx2:41,415.0,1085.0,influx_cond_condgr,1.0,1.0
323,2,13,39,"(2, 13, 39)",idx0:2_idx1:13_idx2:39,395.0,1075.0,influx_cond_condgr,1.0,1.0
324,2,13,40,"(2, 13, 40)",idx0:2_idx1:13_idx2:40,405.0,1075.0,influx_cond_condgr,1.0,1.0
325,2,14,38,"(2, 14, 38)",idx0:2_idx1:14_idx2:38,385.0,1065.0,influx_cond_condgr,1.0,1.0
326,2,15,36,"(2, 15, 36)",idx0:2_idx1:15_idx2:36,365.0,1055.0,influx_cond_condgr,1.0,1.0
327,2,15,37,"(2, 15, 37)",idx0:2_idx1:15_idx2:37,375.0,1055.0,influx_cond_condgr,1.0,1.0
328,2,16,35,"(2, 16, 35)",idx0:2_idx1:16_idx2:35,355.0,1045.0,influx_cond_condgr,1.0,1.0
329,2,17,33,"(2, 17, 33)",idx0:2_idx1:17_idx2:33,335.0,1035.0,influx_cond_condgr,1.0,1.0
330,2,17,34,"(2, 17, 34)",idx0:2_idx1:17_idx2:34,345.0,1035.0,influx_cond_condgr,1.0,1.0
331,2,18,31,"(2, 18, 31)",idx0:2_idx1:18_idx2:31,315.0,1025.0,influx_cond_condgr,1.0,1.0
332,2,18,32,"(2, 18, 32)",idx0:2_idx1:18_idx2:32,325.0,1025.0,influx_cond_condgr,1.0,1.0
333,2,19,30,"(2, 19, 30)",idx0:2_idx1:19_idx2:30,305.0,1015.0,influx_cond_condgr,1.0,1.0
334,2,20,28,"(2, 20, 28)",idx0:2_idx1:20_idx2:28,285.0,1005.0,influx_cond_condgr,1.0,1.0
335,2,20,29,"(2, 20, 29)",idx0:2_idx1:20_idx2:29,295.0,1005.0,influx_cond_condgr,1.0,1.0
336,2,21,27,"(2, 21, 27)",idx0:2_idx1:21_idx2:27,275.0,995.0,influx_cond_condgr,1.0,1.0
337,2,22,25,"(2, 22, 25)",idx0:2_idx1:22_idx2:25,255.0,985.0,influx_cond_condgr,1.0,1.0
338,2,22,26,"(2, 22, 26)",idx0:2_idx1:22_idx2:26,265.0,985.0,influx_cond_condgr,1.0,1.0
339,2,23,24,"(2, 23, 24)",idx0:2_idx1:23_idx2:24,245.0,975.0,influx_cond_condgr,1.0,1.0
340,2,24,22,"(2, 24, 22)",idx0:2_idx1:24_idx2:22,225.0,965.0,influx_cond_condgr,1.0,1.0
341,2,24,23,"(2, 24, 23)",idx0:2_idx1:24_idx2:23,235.0,965.0,influx_cond_condgr,1.0,1.0
342,2,25,21,"(2, 25, 21)",idx0:2_idx1:25_idx2:21,215.0,955.0,influx_cond_condgr,1.0,1.0
343,2,26,20,"(2, 26, 20)",idx0:2_idx1:26_idx2:20,205.0,945.0,influx_cond_condgr,1.0,1.0
344,2,27,19,"(2, 27, 19)",idx0:2_idx1:27_idx2:19,195.0,935.0,influx_cond_condgr,1.0,1.0
345,2,28,19,"(2, 28, 19)",idx0:2_idx1:28_idx2:19,195.0,925.0,influx_cond_condgr,1.0,1.0
346,2,29,18,"(2, 29, 18)",idx0:2_idx1:29_idx2:18,185.0,915.0,influx_cond_condgr,1.0,1.0
347,2,30,18,"(2, 30, 18)",idx0:2_idx1:30_idx2:18,185.0,905.0,influx_cond_condgr,1.0,1.0
348,2,31,18,"(2, 31, 18)",idx0:2_idx1:31_idx2:18,185.0,895.0,influx_cond_condgr,1.0,1.0
349,2,32,17,"(2, 32, 17)",idx0:2_idx1:32_idx2:17,175.0,885.0,influx_cond_condgr,1.0,1.0
350,2,33,17,"(2, 33, 17)",idx0:2_idx1:33_idx2:17,175.0,875.0,influx_cond_condgr,1.0,1.0
351,2,34,16,"(2, 34, 16)",idx0:2_idx1:34_idx2:16,165.0,865.0,influx_cond_condgr,1.0,1.0
352,2,35,16,"(2, 35, 16)",idx0:2_idx1:35_idx2:16,165.0,855.0,influx_cond_condgr,1.0,1.0
353,2,36,15,"(2, 36, 15)",idx0:2_idx1:36_idx2:15,155.0,845.0,influx_cond_condgr,1.0,1.0
354,2,37,15,"(2, 37, 15)",idx0:2_idx1:37_idx2:15,155.0,835.0,influx_cond_condgr,1.0,1.0
355,2,38,14,"(2, 38, 14)",idx0:2_idx1:38_idx2:14,145.0,825.0,influx_cond_condgr,1.0,1.0
356,2,39,14,"(2, 39, 14)",idx0:2_idx1:39_idx2:14,145.0,815.0,influx_cond_condgr,1.0,1.0
357,2,40,14,"(2, 40, 14)",idx0:2_idx1:40_idx2:14,145.0,805.0,influx_cond_condgr,1.0,1.0
358,2,41,13,"(2, 41, 13)",idx0:2_idx1:41_idx2:13,135.0,795.0,influx_cond_condgr,1.0,1.0
359,2,42,13,"(2, 42, 13)",idx0:2_idx1:42_idx2:13,135.0,785.0,influx_cond_condgr,1.0,1.0
360,2,43,12,"(2, 43, 12)",idx0:2_idx1:43_idx2:12,125.0,775.0,influx_cond_condgr,1.0,1.0
361,2,44,12,"(2, 44, 12)",idx0:2_idx1:44_idx2:12,125.0,765.0,influx_cond_condgr,1.0,1.0
362,2,45,11,"(2, 45, 11)",idx0:2_idx1:45_idx2:11,115.0,755.0,influx_cond_condgr,1.0,1.0
363,2,46,11,"(2, 46, 11)",idx0:2_idx1:46_idx2:11,115.0,745.0,influx_cond_condgr,1.0,1.0
364,2,47,10,"(2, 47, 10)",idx0:2_idx1:47_idx2:10,105.0,735.0,influx_cond_condgr,1.0,1.0
365,2,48,10,"(2, 48, 10)",idx0:2_idx1:48_idx2:10,105.0,725.0,influx_cond_condgr,1.0,1.0
366,2,49,10,"(2, 49, 10)",idx0:2_idx1:49_idx2:10,105.0,715.0,influx_cond_condgr,1.0,1.0
367,2,50,9,"(2, 50, 9)",idx0:2_idx1:50_idx2:9,95.0,705.0,influx_cond_condgr,1.0,1.0
368,2,51,9,"(2, 51, 9)",idx0:2_idx1:51_idx2:9,95.0,695.0,influx_cond_condgr,1.0,1.0
369,2,52,8,"(2, 52, 8)",idx0:2_idx1:52_idx2:8,85.0,685.0,influx_cond_condgr,1.0,1.0
370,2,53,8,"(2, 53, 8)",idx0:2_idx1:53_idx2:8,85.0,675.0,influx_cond_condgr,1.0,1.0
371,2,54,7,"(2, 54, 7)",idx0:2_idx1:54_idx2:7,75.0,665.0,influx_cond_condgr,1.0,1.0
372,2,55,7,"(2, 55, 7)",idx0:2_idx1:55_idx2:7,75.0,655.0,influx_cond_condgr,1.0,1.0
373,2,56,6,"(2, 56, 6)",idx0:2_idx1:56_idx2:6,65.0,645.0,influx_cond_condgr,1.0,1.0
374,2,57,6,"(2, 57, 6)",idx0:2_idx1:57_idx2:6,65.0,635.0,influx_cond_condgr,1.0,1.0
375,2,58,5,"(2, 58, 5)",idx0:2_idx1:58_idx2:5,55.0,625.0,influx_cond_condgr,1.0,1.0
376,2,59,5,"(2, 59, 5)",idx0:2_idx1:59_idx2:5,55.0,615.0,influx_cond_condgr,1.0,1.0
377,2,60,5,"(2, 60, 5)",idx0:2_idx1:60_idx2:5,55.0,605.0,influx_cond_condgr,1.0,1.0
378,2,61,4,"(2, 61, 4)",idx0:2_idx1:61_idx2:4,45.0,595.0,influx_cond_condgr,1.0,1.0
379,2,62,4,"(2, 62, 4)",idx0:2_idx1:62_idx2:4,45.0,585.0,influx_cond_condgr,1.0,1.0
380,2,63,3,"(2, 63, 3)",idx0:2_idx1:63_idx2:3,35.0,575.0,influx_cond_condgr,1.0,1.0
381,2,64,3,"(2, 64, 3)",idx0:2_idx1:64_idx2:3,35.0,565.0,influx_cond_condgr,1.0,1.0
382,2,65,2,"(2, 65, 2)",idx0:2_idx1:65_idx2:2,25.0,555.0,influx_cond_condgr,1.0,1.0
383,2,66,2,"(2, 66, 2)",idx0:2_idx1:66_idx2:2,25.0,545.0,influx_cond_condgr,1.0,1.0
384,2,67,2,"(2, 67, 2)",idx0:2_idx1:67_idx2:2,25.0,535.0,influx_cond_condgr,1.0,1.0
385,2,68,2,"(2, 68, 2)",idx0:2_idx1:68_idx2:2,25.0,525.0,influx_cond_condgr,1.0,1.0
386,2,69,1,"(2, 69, 1)",idx0:2_idx1:69_idx2:1,15.0,515.0,influx_cond_condgr,1.0,1.0
387,2,70,1,"(2, 70, 1)",idx0:2_idx1:70_idx2:1,15.0,505.0,influx_cond_condgr,1.0,1.0
388,2,71,1,"(2, 71, 1)",idx0:2_idx1:71_idx2:1,15.0,495.0,influx_cond_condgr,1.0,1.0
389,2,72,1,"(2, 72, 1)",idx0:2_idx1:72_idx2:1,15.0,485.0,influx_cond_condgr,1.0,1.0
390,2,73,1,"(2, 73, 1)",idx0:2_idx1:73_idx2:1,15.0,475.0,influx_cond_condgr,1.0,1.0
391,2,74,1,"(2, 74, 1)",idx0:2_idx1:74_idx2:1,15.0,465.0,influx_cond_condgr,1.0,1.0
392,2,75,1,"(2, 75, 1)",idx0:2_idx1:75_idx2:1,15.0,455.0,influx_cond_condgr,1.0,1.0
393,2,76,1,"(2, 76, 1)",idx0:2_idx1:76_idx2:1,15.0,445.0,influx_cond_condgr,1.0,1.0
394,2,77,1,"(2, 77, 1)",idx0:2_idx1:77_idx2:1,15.0,435.0,influx_cond_condgr,1.0,1.0
395,2,78,1,"(2, 78, 1)",idx0:2_idx1:78_idx2:1,15.0,425.0,influx_cond_condgr,1.0,1.0
396,2,79,1,"(2, 79, 1)",idx0:2_idx1:79_idx2:1,15.0,415.0,influx_cond_condgr,1.0,1.0
397,2,80,1,"(2, 80, 1)",idx0:2_idx1:80_idx2:1,15.0,405.0,influx_cond_condgr,1.0,1.0
398,2,81,1,"(2, 81, 1)",idx0:2_idx1:81_idx2:1,15.0,395.0,influx_cond_condgr,1.0,1.0
399,2,82,1,"(2, 82, 1)",idx0:2_idx1:82_idx2:1,15.0,385.0,influx_cond_condgr,1.0,1.0
400,2,83,1,"(2, 83, 1)",idx0:2_idx1:83_idx2:1,15.0,375.0,influx_cond_condgr,1.0,1.0
401,2,84,1,"(2, 84, 1)",idx0:2_idx1:84_idx2:1,15.0,365.0,influx_cond_condgr,1.0,1.0
402,2,85,1,"(2, 85, 1)",idx0:2_idx1:85_idx2:1,15.0,355.0,influx_cond_condgr,1.0,1.0
403,2,86,1,"(2, 86, 1)",idx0:2_idx1:86_idx2:1,15.0,345.0,influx_cond_condgr,1.0,1.0
404,2,87,1,"(2, 87, 1)",idx0:2_idx1:87_idx2:1,15.0,335.0,influx_cond_condgr,1.0,1.0
405,2,88,1,"(2, 88, 1)",idx0:2_idx1:88_idx2:1,15.0,325.0,influx_cond_condgr,1.0,1.0
406,2,89,1,"(2, 89, 1)",idx0:2_idx1:89_idx2:1,15.0,315.0,influx_cond_condgr,1.0,1.0
407,2,90,1,"(2, 90, 1)",idx0:2_idx1:90_idx2:1,15.0,305.0,influx_cond_condgr,1.0,1.0
408,2,91,1,"(2, 91, 1)",idx0:2_idx1:91_idx2:1,15.0,295.0,influx_cond_condgr,1.0,1.0
409,2,92,1,"(2, 92, 1)",idx0:2_idx1:92_idx2:1,15.0,285.0,influx_cond_condgr,1.0,1.0
410,2,93,1,"(2, 93, 1)",idx0:2_idx1:93_idx2:1,15.0,275.0,influx_cond_condgr,1.0,1.0
411,2,94,1,"(2, 94, 1)",idx0:2_idx1:94_idx2:1,15.0,265.0,influx_cond_condgr,1.0,1.0
412,2,95,0,"(2, 95, 0)",idx0:2_idx1:95_idx2:0,5.0,255.0,influx_cond_condgr,1.0,1.0
413,2,96,0,"(2, 96, 0)",idx0:2_idx1:96_idx2:0,5.0,245.0,influx_cond_condgr,1.0,1.0
414,2,97,0,"(2, 97, 0)",idx0:2_idx1:97_idx2:0,5.0,235.0,influx_cond_condgr,1.0,1.0
415,2,98,0,"(2, 98, 0)",idx0:2_idx1:98_idx2:0,5.0,225.0,influx_cond_condgr,1.0,1.0
416,2,99,0,"(2, 99, 0)",idx0:2_idx1:99_idx2:0,5.0,215.0,influx_cond_condgr,1.0,1.0
417,2,100,0,"(2, 100, 0)",idx0:2_idx1:100_idx2:0,5.0,205.0,influx_cond_condgr,1.0,1.0
418,2,101,0,"(2, 101, 0)",idx0:2_idx1:101_idx2:0,5.0,195.0,influx_cond_condgr,1.0,1.0
419,2,102,0,"(2, 102, 0)",idx0:2_idx1:102_idx2:0,5.0,185.0,influx_cond_condgr,1.0,1.0
420,2,103,0,"(2, 103, 0)",idx0:2_idx1:103_idx2:0,5.0,175.0,influx_cond_condgr,1.0,1.0
421,2,104,0,"(2, 104, 0)",idx0:2_idx1:104_idx2:0,5.0,165.0,influx_cond_condgr,1.0,1.0
422,2,105,0,"(2, 105, 0)",idx0:2_idx1:105_idx2:0,5.0,155.0,influx_cond_condgr,1.0,1.0
423,3,0,59,"(3, 0, 59)",idx0:3_idx1:0_idx2:59,595.0,1205.0,influx_cond_condgr,1.0,1.0
424,3,0,60,"(3, 0, 60)",idx0:3_idx1:0_idx2:60,605.0,1205.0,influx_cond_condgr,1.0,1.0
425,3,0,61,"(3, 0, 61)",idx0:3_idx1:0_idx2:61,615.0,1205.0,influx_cond_condgr,1.0,1.0
426,3,0,62,"(3, 0, 62)",idx0:3_idx1:0_idx2:62,625.0,1205.0,influx_cond_condgr,1.0,1.0
427,3,0,63,"(3, 0, 63)",idx0:3_idx1:0_idx2:63,635.0,1205.0,influx_cond_condgr,1.0,1.0
428,3,0,64,"(3, 0, 64)",idx0:3_idx1:0_idx2:64,645.0,1205.0,influx_cond_condgr,1.0,1.0
429,3,0,65,"(3, 0, 65)",idx0:3_idx1:0_idx2:65,655.0,1205.0,influx_cond_condgr,1.0,1.0
430,3,0,66,"(3, 0, 66)",idx0:3_idx1:0_idx2:66,665.0,1205.0,influx_cond_condgr,1.0,1.0
431,3,0,67,"(3, 0, 67)",idx0:3_idx1:0_idx2:67,675.0,1205.0,influx_cond_condgr,1.0,1.0
432,3,0,68,"(3, 0, 68)",idx0:3_idx1:0_idx2:68,685.0,1205.0,influx_cond_condgr,1.0,1.0
433,3,0,69,"(3, 0, 69)",idx0:3_idx1:0_idx2:69,695.0,1205.0,influx_cond_condgr,1.0,1.0
434,3,0,70,"(3, 0, 70)",idx0:3_idx1:0_idx2:70,705.0,1205.0,influx_cond_condgr,1.0,1.0
435,3,0,71,"(3, 0, 71)",idx0:3_idx1:0_idx2:71,715.0,1205.0,influx_cond_condgr,1.0,1.0
436,3,0,72,"(3, 0, 72)",idx0:3_idx1:0_idx2:72,725.0,1205.0,influx_cond_condgr,1.0,1.0
437,3,0,73,"(3, 0, 73)",idx0:3_idx1:0_idx2:73,735.0,1205.0,influx_cond_condgr,1.0,1.0
438,3,0,74,"(3, 0, 74)",idx0:3_idx1:0_idx2:74,745.0,1205.0,influx_cond_condgr,1.0,1.0
439,3,0,75,"(3, 0, 75)",idx0:3_idx1:0_idx2:75,755.0,1205.0,influx_cond_condgr,1.0,1.0
440,3,0,76,"(3, 0, 76)",idx0:3_idx1:0_idx2:76,765.0,1205.0,influx_cond_condgr,1.0,1.0
441,3,0,77,"(3, 0, 77)",idx0:3_idx1:0_idx2:77,775.0,1205.0,influx_cond_condgr,1.0,1.0
442,3,0,78,"(3, 0, 78)",idx0:3_idx1:0_idx2:78,785.0,1205.0,influx_cond_condgr,1.0,1.0
443,3,0,79,"(3, 0, 79)",idx0:3_idx1:0_idx2:79,795.0,1205.0,influx_cond_condgr,1.0,1.0
444,3,0,80,"(3, 0, 80)",idx0:3_idx1:0_idx2:80,805.0,1205.0,influx_cond_condgr,1.0,1.0
445,3,0,81,"(3, 0, 81)",idx0:3_idx1:0_idx2:81,815.0,1205.0,influx_cond_condgr,1.0,1.0
446,3,1,58,"(3, 1, 58)",idx0:3_idx1:1_idx2:58,585.0,1195.0,influx_cond_condgr,1.0,1.0
447,3,2,56,"(3, 2, 56)",idx0:3_idx1:2_idx2:56,565.0,1185.0,influx_cond_condgr,1.0,1.0
448,3,2,57,"(3, 2, 57)",idx0:3_idx1:2_idx2:57,575.0,1185.0,influx_cond_condgr,1.0,1.0
449,3,3,55,"(3, 3, 55)",idx0:3_idx1:3_idx2:55,555.0,1175.0,influx_cond_condgr,1.0,1.0
450,3,4,53,"(3, 4, 53)",idx0:3_idx1:4_idx2:53,535.0,1165.0,influx_cond_condgr,1.0,1.0
451,3,4,54,"(3, 4, 54)",idx0:3_idx1:4_idx2:54,545.0,1165.0,influx_cond_condgr,1.0,1.0
452,3,5,52,"(3, 5, 52)",idx0:3_idx1:5_idx2:52,525.0,1155.0,influx_cond_condgr,1.0,1.0
453,3,6,50,"(3, 6, 50)",idx0:3_idx1:6_idx2:50,505.0,1145.0,influx_cond_condgr,1.0,1.0
454,3,6,51,"(3, 6, 51)",idx0:3_idx1:6_idx2:51,515.0,1145.0,influx_cond_condgr,1.0,1.0
455,3,7,48,"(3, 7, 48)",idx0:3_idx1:7_idx2:48,485.0,1135.0,influx_cond_condgr,1.0,1.0
456,3,7,49,"(3, 7, 49)",idx0:3_idx1:7_idx2:49,495.0,1135.0,influx_cond_condgr,1.0,1.0
457,3,8,47,"(3, 8, 47)",idx0:3_idx1:8_idx2:47,475.0,1125.0,influx_cond_condgr,1.0,1.0
458,3,9,45,"(3, 9, 45)",idx0:3_idx1:9_idx2:45,455.0,1115.0,influx_cond_condgr,1.0,1.0
459,3,9,46,"(3, 9, 46)",idx0:3_idx1:9_idx2:46,465.0,1115.0,influx_cond_condgr,1.0,1.0
460,3,10,44,"(3, 10, 44)",idx0:3_idx1:10_idx2:44,445.0,1105.0,influx_cond_condgr,1.0,1.0
461,3,11,42,"(3, 11, 42)",idx0:3_idx1:11_idx2:42,425.0,1095.0,influx_cond_condgr,1.0,1.0
462,3,11,43,"(3, 11, 43)",idx0:3_idx1:11_idx2:43,435.0,1095.0,influx_cond_condgr,1.0,1.0
463,3,12,41,"(3, 12, 41)",idx0:3_idx1:12_idx2:41,415.0,1085.0,influx_cond_condgr,1.0,1.0
464,3,13,39,"(3, 13, 39)",idx0:3_idx1:13_idx2:39,395.0,1075.0,influx_cond_condgr,1.0,1.0
465,3,13,40,"(3, 13, 40)",idx0:3_idx1:13_idx2:40,405.0,1075.0,influx_cond_condgr,1.0,1.0
466,3,14,38,"(3, 14, 38)",idx0:3_idx1:14_idx2:38,385.0,1065.0,influx_cond_condgr,1.0,1.0
467,3,15,36,"(3, 15, 36)",idx0:3_idx1:15_idx2:36,365.0,1055.0,influx_cond_condgr,1.0,1.0
468,3,15,37,"(3, 15, 37)",idx0:3_idx1:15_idx2:37,375.0,1055.0,influx_cond_condgr,1.0,1.0
469,3,16,35,"(3, 16, 35)",idx0:3_idx1:16_idx2:35,355.0,1045.0,influx_cond_condgr,1.0,1.0
470,3,17,33,"(3, 17, 33)",idx0:3_idx1:17_idx2:33,335.0,1035.0,influx_cond_condgr,1.0,1.0
471,3,17,34,"(3, 17, 34)",idx0:3_idx1:17_idx2:34,345.0,1035.0,influx_cond_condgr,1.0,1.0
472,3,18,31,"(3, 18, 31)",idx0:3_idx1:18_idx2:31,315.0,1025.0,influx_cond_condgr,1.0,1.0
473,3,18,32,"(3, 18, 32)",idx0:3_idx1:18_idx2:32,325.0,1025.0,influx_cond_condgr,1.0,1.0
474,3,19,30,"(3, 19, 30)",idx0:3_idx1:19_idx2:30,305.0,1015.0,influx_cond_condgr,1.0,1.0
475,3,20,28,"(3, 20, 28)",idx0:3_idx1:20_idx2:28,285.0,1005.0,influx_cond_condgr,1.0,1.0
476,3,20,29,"(3, 20, 29)",idx0:3_idx1:20_idx2:29,295.0,1005.0,influx_cond_condgr,1.0,1.0
477,3,21,27,"(3, 21, 27)",idx0:3_idx1:21_idx2:27,275.0,995.0,influx_cond_condgr,1.0,1.0
478,3,22,25,"(3, 22, 25)",idx0:3_idx1:22_idx2:25,255.0,985.0,influx_cond_condgr,1.0,1.0
479,3,22,26,"(3, 22, 26)",idx0:3_idx1:22_idx2:26,265.0,985.0,influx_cond_condgr,1.0,1.0
480,3,23,24,"(3, 23, 24)",idx0:3_idx1:23_idx2:24,245.0,975.0,influx_cond_condgr,1.0,1.0
481,3,24,22,"(3, 24, 22)",idx0:3_idx1:24_idx2:22,225.0,965.0,influx_cond_condgr,1.0,1.0
482,3,24,23,"(3, 24, 23)",idx0:3_idx1:24_idx2:23,235.0,965.0,influx_cond_condgr,1.0,1.0
483,3,25,21,"(3, 25, 21)",idx0:3_idx1:25_idx2:21,215.0,955.0,influx_cond_condgr,1.0,1.0
484,3,26,20,"(3, 26, 20)",idx0:3_idx1:26_idx2:20,205.0,945.0,influx_cond_condgr,1.0,1.0
485,3,27,19,"(3, 27, 19)",idx0:3_idx1:27_idx2:19,195.0,935.0,influx_cond_condgr,1.0,1.0
486,3,28,19,"(3, 28, 19)",idx0:3_idx1:28_idx2:19,195.0,925.0,influx_cond_condgr,1.0,1.0
487,3,29,18,"(3, 29, 18)",idx0:3_idx1:29_idx2:18,185.0,915.0,influx_cond_condgr,1.0,1.0
488,3,30,18,"(3, 30, 18)",idx0:3_idx1:30_idx2:18,185.0,905.0,influx_cond_condgr,1.0,1.0
489,3,31,18,"(3, 31, 18)",idx0:3_idx1:31_idx2:18,185.0,895.0,influx_cond_condgr,1.0,1.0
490,3,32,17,"(3, 32, 17)",idx0:3_idx1:32_idx2:17,175.0,885.0,influx_cond_condgr,1.0,1.0
491,3,33,17,"(3, 33, 17)",idx0:3_idx1:33_idx2:17,175.0,875.0,influx_cond_condgr,1.0,1.0
492,3,34,16,"(3, 34, 16)",idx0:3_idx1:34_idx2:16,165.0,865.0,influx_cond_condgr,1.0,1.0
493,3,35,16,"(3, 35, 16)",idx0:3_idx1:35_idx2:16,165.0,855.0,influx_cond_condgr,1.0,1.0
494,3,36,15,"(3, 36, 15)",idx0:3_idx1:36_idx2:15,155.0,845.0,influx_cond_condgr,1.0,1.0
495,3,37,15,"(3, 37, 15)",idx0:3_idx1:37_idx2:15,155.0,835.0,influx_cond_condgr,1.0,1.0
496,3,38,14,"(3, 38, 14)",idx0:3_idx1:38_idx2:14,145.0,825.0,influx_cond_condgr,1.0,1.0
497,3,39,14,"(3, 39, 14)",idx0:3_idx1:39_idx2:14,145.0,815.0,influx_cond_condgr,1.0,1.0
498,3,40,14,"(3, 40, 14)",idx0:3_idx1:40_idx2:14,145.0,805.0,influx_cond_condgr,1.0,1.0
499,3,41,13,"(3, 41, 13)",idx0:3_idx1:41_idx2:13,135.0,795.0,influx_cond_condgr,1.0,1.0
500,3,42,13,"(3, 42, 13)",idx0:3_idx1:42_idx2:13,135.0,785.0,influx_cond_condgr,1.0,1.0
501,3,43,12,"(3, 43, 12)",idx0:3_idx1:43_idx2:12,125.0,775.0,influx_cond_condgr,1.0,1.0
502,3,44,12,"(3, 44, 12)",idx0:3_idx1:44_idx2:12,125.0,765.0,influx_cond_condgr,1.0,1.0
503,3,45,11,"(3, 45, 11)",idx0:3_idx1:45_idx2:11,115.0,755.0,influx_cond_condgr,1.0,1.0
504,3,46,11,"(3, 46, 11)",idx0:3_idx1:46_idx2:11,115.0,745.0,influx_cond_condgr,1.0,1.0
505,3,47,10,"(3, 47, 10)",idx0:3_idx1:47_idx2:10,105.0,735.0,influx_cond_condgr,1.0,1.0
506,3,48,10,"(3, 48, 10)",idx0:3_idx1:48_idx2:10,105.0,725.0,influx_cond_condgr,1.0,1.0
507,3,49,10,"(3, 49, 10)",idx0:3_idx1:49_idx2:10,105.0,715.0,influx_cond_condgr,1.0,1.0
508,3,50,9,"(3, 50, 9)",idx0:3_idx1:50_idx2:9,95.0,705.0,influx_cond_condgr,1.0,1.0
509,3,51,9,"(3, 51, 9)",idx0:3_idx1:51_idx2:9,95.0,695.0,influx_cond_condgr,1.0,1.0
510,3,52,8,"(3, 52, 8)",idx0:3_idx1:52_idx2:8,85.0,685.0,influx_cond_condgr,1.0,1.0
511,3,53,8,"(3, 53, 8)",idx0:3_idx1:53_idx2:8,85.0,675.0,influx_cond_condgr,1.0,1.0
512,3,54,7,"(3, 54, 7)",idx0:3_idx1:54_idx2:7,75.0,665.0,influx_cond_condgr,1.0,1.0
513,3,55,7,"(3, 55, 7)",idx0:3_idx1:55_idx2:7,75.0,655.0,influx_cond_condgr,1.0,1.0
514,3,56,6,"(3, 56, 6)",idx0:3_idx1:56_idx2:6,65.0,645.0,influx_cond_condgr,1.0,1.0
515,3,57,6,"(3, 57, 6)",idx0:3_idx1:57_idx2:6,65.0,635.0,influx_cond_condgr,1.0,1.0
516,3,58,5,"(3, 58, 5)",idx0:3_idx1:58_idx2:5,55.0,625.0,influx_cond_condgr,1.0,1.0
517,3,59,5,"(3, 59, 5)",idx0:3_idx1:59_idx2:5,55.0,615.0,influx_cond_condgr,1.0,1.0
518,3,60,5,"(3, 60, 5)",idx0:3_idx1:60_idx2:5,55.0,605.0,influx_cond_condgr,1.0,1.0
519,3,61,4,"(3, 61, 4)",idx0:3_idx1:61_idx2:4,45.0,595.0,influx_cond_condgr,1.0,1.0
520,3,62,4,"(3, 62, 4)",idx0:3_idx1:62_idx2:4,45.0,585.0,influx_cond_condgr,1.0,1.0
521,3,63,3,"(3, 63, 3)",idx0:3_idx1:63_idx2:3,35.0,575.0,influx_cond_condgr,1.0,1.0
522,3,64,3,"(3, 64, 3)",idx0:3_idx1:64_idx2:3,35.0,565.0,influx_cond_condgr,1.0,1.0
523,3,65,2,"(3, 65, 2)",idx0:3_idx1:65_idx2:2,25.0,555.0,influx_cond_condgr,1.0,1.0
524,3,66,2,"(3, 66, 2)",idx0:3_idx1:66_idx2:2,25.0,545.0,influx_cond_condgr,1.0,1.0
525,3,67,2,"(3, 67, 2)",idx0:3_idx1:67_idx2:2,25.0,535.0,influx_cond_condgr,1.0,1.0
526,3,68,2,"(3, 68, 2)",idx0:3_idx1:68_idx2:2,25.0,525.0,influx_cond_condgr,1.0,1.0
527,3,69,1,"(3, 69, 1)",idx0:3_idx1:69_idx2:1,15.0,515.0,influx_cond_condgr,1.0,1.0
528,3,70,1,"(3, 70, 1)",idx0:3_idx1:70_idx2:1,15.0,505.0,influx_cond_condgr,1.0,1.0
529,3,71,1,"(3, 71, 1)",idx0:3_idx1:71_idx2:1,15.0,495.0,influx_cond_condgr,1.0,1.0
530,3,72,1,"(3, 72, 1)",idx0:3_idx1:72_idx2:1,15.0,485.0,influx_cond_condgr,1.0,1.0
531,3,73,1,"(3, 73, 1)",idx0:3_idx1:73_idx2:1,15.0,475.0,influx_cond_condgr,1.0,1.0
532,3,74,1,"(3, 74, 1)",idx0:3_idx1:74_idx2:1,15.0,465.0,influx_cond_condgr,1.0,1.0
533,3,75,1,"(3, 75, 1)",idx0:3_idx1:75_idx2:1,15.0,455.0,influx_cond_condgr,1.0,1.0
534,3,76,1,"(3, 76, 1)",idx0:3_idx1:76_idx2:1,15.0,445.0,influx_cond_condgr,1.0,1.0
535,3,77,1,"(3, 77, 1)",idx0:3_idx1:77_idx2:1,15.0,435.0,influx_cond_condgr,1.0,1.0
536,3,78,1,"(3, 78, 1)",idx0:3_idx1:78_idx2:1,15.0,425.0,influx_cond_condgr,1.0,1.0
537,3,79,1,"(3, 79, 1)",idx0:3_idx1:79_idx2:1,15.0,415.0,influx_cond_condgr,1.0,1.0
538,3,80,1,"(3, 80, 1)",idx0:3_idx1:80_idx2:1,15.0,405.0,influx_cond_condgr,1.0,1.0
539,3,81,1,"(3, 81, 1)",idx0:3_idx1:81_idx2:1,15.0,395.0,influx_cond_condgr,1.0,1.0
540,3,82,1,"(3, 82, 1)",idx0:3_idx1:82_idx2:1,15.0,385.0,influx_cond_condgr,1.0,1.0
541,3,83,1,"(3, 83, 1)",idx0:3_idx1:83_idx2:1,15.0,375.0,influx_cond_condgr,1.0,1.0
542,3,84,1,"(3, 84, 1)",idx0:3_idx1:84_idx2:1,15.0,365.0,influx_cond_condgr,1.0,1.0
543,3,85,1,"(3, 85, 1)",idx0:3_idx1:85_idx2:1,15.0,355.0,influx_cond_condgr,1.0,1.0
544,3,86,1,"(3, 86, 1)",idx0:3_idx1:86_idx2:1,15.0,345.0,influx_cond_condgr,1.0,1.0
545,3,87,1,"(3, 87, 1)",idx0:3_idx1:87_idx2:1,15.0,335.0,influx_cond_condgr,1.0,1.0
546,3,88,1,"(3, 88, 1)",idx0:3_idx1:88_idx2:1,15.0,325.0,influx_cond_condgr,1.0,1.0
547,3,89,1,"(3, 89, 1)",idx0:3_idx1:89_idx2:1,15.0,315.0,influx_cond_condgr,1.0,1.0
548,3,90,1,"(3, 90, 1)",idx0:3_idx1:90_idx2:1,15.0,305.0,influx_cond_condgr,1.0,1.0
549,3,91,1,"(3, 91, 1)",idx0:3_idx1:91_idx2:1,15.0,295.0,influx_cond_condgr,1.0,1.0
550,3,92,1,"(3, 92, 1)",idx0:3_idx1:92_idx2:1,15.0,285.0,influx_cond_condgr,1.0,1.0
551,3,93,1,"(3, 93, 1)",idx0:3_idx1:93_idx2:1,15.0,275.0,influx_cond_condgr,1.0,1.0
552,3,94,1,"(3, 94, 1)",idx0:3_idx1:94_idx2:1,15.0,265.0,influx_cond_condgr,1.0,1.0
553,3,95,0,"(3, 95, 0)",idx0:3_idx1:95_idx2:0,5.0,255.0,influx_cond_condgr,1.0,1.0
554,3,96,0,"(3, 96, 0)",idx0:3_idx1:96_idx2:0,5.0,245.0,influx_cond_condgr,1.0,1.0
555,3,97,0,"(3, 97, 0)",idx0:3_idx1:97_idx2:0,5.0,235.0,influx_cond_condgr,1.0,1.0
556,3,98,0,"(3, 98, 0)",idx0:3_idx1:98_idx2:0,5.0,225.0,influx_cond_condgr,1.0,1.0
557,3,99,0,"(3, 99, 0)",idx0:3_idx1:99_idx2:0,5.0,215.0,influx_cond_condgr,1.0,1.0
558,3,100,0,"(3, 100, 0)",idx0:3_idx1:100_idx2:0,5.0,205.0,influx_cond_condgr,1.0,1.0
559,3,101,0,"(3, 101, 0)",idx0:3_idx1:101_idx2:0,5.0,195.0,influx_cond_condgr,1.0,1.0
560,3,102,0,"(3, 102, 0)",idx0:3_idx1:102_idx2:0,5.0,185.0,influx_cond_condgr,1.0,1.0
561,3,103,0,"(3, 103, 0)",idx0:3_idx1:103_idx2:0,5.0,175.0,influx_cond_condgr,1.0,1.0
562,3,104,0,"(3, 104, 0)",idx0:3_idx1:104_idx2:0,5.0,165.0,influx_cond_condgr,1.0,1.0
563,3,105,0,"(3, 105, 0)",idx0:3_idx1:105_idx2:0,5.0,155.0,influx_cond_condgr,1.0,1.0
564,4,0,59,"(4, 0, 59)",idx0:4_idx1:0_idx2:59,595.0,1205.0,influx_cond_condgr,1.0,1.0
565,4,0,60,"(4, 0, 60)",idx0:4_idx1:0_idx2:60,605.0,1205.0,influx_cond_condgr,1.0,1.0
566,4,0,61,"(4, 0, 61)",idx0:4_idx1:0_idx2:61,615.0,1205.0,influx_cond_condgr,1.0,1.0
567,4,0,62,"(4, 0, 62)",idx0:4_idx1:0_idx2:62,625.0,1205.0,influx_cond_condgr,1.0,1.0
568,4,0,63,"(4, 0, 63)",idx0:4_idx1:0_idx2:63,635.0,1205.0,influx_cond_condgr,1.0,1.0
569,4,0,64,"(4, 0, 64)",idx0:4_idx1:0_idx2:64,645.0,1205.0,influx_cond_condgr,1.0,1.0
570,4,0,65,"(4, 0, 65)",idx0:4_idx1:0_idx2:65,655.0,1205.0,influx_cond_condgr,1.0,1.0
571,4,0,66,"(4, 0, 66)",idx0:4_idx1:0_idx2:66,665.0,1205.0,influx_cond_condgr,1.0,1.0
572,4,0,67,"(4, 0, 67)",idx0:4_idx1:0_idx2:67,675.0,1205.0,influx_cond_condgr,1.0,1.0
573,4,0,68,"(4, 0, 68)",idx0:4_idx1:0_idx2:68,685.0,1205.0,influx_cond_condgr,1.0,1.0
574,4,0,69,"(4, 0, 69)",idx0:4_idx1:0_idx2:69,695.0,1205.0,influx_cond_condgr,1.0,1.0
575,4,0,70,"(4, 0, 70)",idx0:4_idx1:0_idx2:70,705.0,1205.0,influx_cond_condgr,1.0,1.0
576,4,0,71,"(4, 0, 71)",idx0:4_idx1:0_idx2:71,715.0,1205.0,influx_cond_condgr,1.0,1.0
577,4,0,72,"(4, 0, 72)",idx0:4_idx1:0_idx2:72,725.0,1205.0,influx_cond_condgr,1.0,1.0
578,4,0,73,"(4, 0, 73)",idx0:4_idx1:0_idx2:73,735.0,1205.0,influx_cond_condgr,1.0,1.0
579,4,0,74,"(4, 0, 74)",idx0:4_idx1:0_idx2:74,745.0,1205.0,influx_cond_condgr,1.0,1.0
580,4,0,75,"(4, 0, 75)",idx0:4_idx1:0_idx2:75,755.0,1205.0,influx_cond_condgr,1.0,1.0
581,4,0,76,"(4, 0, 76)",idx0:4_idx1:0_idx2:76,765.0,1205.0,influx_cond_condgr,1.0,1.0
582,4,0,77,"(4, 0, 77)",idx0:4_idx1:0_idx2:77,775.0,1205.0,influx_cond_condgr,1.0,1.0
583,4,0,78,"(4, 0, 78)",idx0:4_idx1:0_idx2:78,785.0,1205.0,influx_cond_condgr,1.0,1.0
584,4,0,79,"(4, 0, 79)",idx0:4_idx1:0_idx2:79,795.0,1205.0,influx_cond_condgr,1.0,1.0
585,4,0,80,"(4, 0, 80)",idx0:4_idx1:0_idx2:80,805.0,1205.0,influx_cond_condgr,1.0,1.0
586,4,0,81,"(4, 0, 81)",idx0:4_idx1:0_idx2:81,815.0,1205.0,influx_cond_condgr,1.0,1.0
587,4,1,58,"(4, 1, 58)",idx0:4_idx1:1_idx2:58,585.0,1195.0,influx_cond_condgr,1.0,1.0
588,4,2,56,"(4, 2, 56)",idx0:4_idx1:2_idx2:56,565.0,1185.0,influx_cond_condgr,1.0,1.0
589,4,2,57,"(4, 2, 57)",idx0:4_idx1:2_idx2:57,575.0,1185.0,influx_cond_condgr,1.0,1.0
590,4,3,55,"(4, 3, 55)",idx0:4_idx1:3_idx2:55,555.0,1175.0,influx_cond_condgr,1.0,1.0
591,4,4,53,"(4, 4, 53)",idx0:4_idx1:4_idx2:53,535.0,1165.0,influx_cond_condgr,1.0,1.0
592,4,4,54,"(4, 4, 54)",idx0:4_idx1:4_idx2:54,545.0,1165.0,influx_cond_condgr,1.0,1.0
593,4,5,52,"(4, 5, 52)",idx0:4_idx1:5_idx2:52,525.0,1155.0,influx_cond_condgr,1.0,1.0
594,4,6,50,"(4, 6, 50)",idx0:4_idx1:6_idx2:50,505.0,1145.0,influx_cond_condgr,1.0,1.0
595,4,6,51,"(4, 6, 51)",idx0:4_idx1:6_idx2:51,515.0,1145.0,influx_cond_condgr,1.0,1.0
596,4,7,48,"(4, 7, 48)",idx0:4_idx1:7_idx2:48,485.0,1135.0,influx_cond_condgr,1.0,1.0
597,4,7,49,"(4, 7, 49)",idx0:4_idx1:7_idx2:49,495.0,1135.0,influx_cond_condgr,1.0,1.0
598,4,8,47,"(4, 8, 47)",idx0:4_idx1:8_idx2:47,475.0,1125.0,influx_cond_condgr,1.0,1.0
599,4,9,45,"(4, 9, 45)",idx0:4_idx1:9_idx2:45,455.0,1115.0,influx_cond_condgr,1.0,1.0
600,4,9,46,"(4, 9, 46)",idx0:4_idx1:9_idx2:46,465.0,1115.0,influx_cond_condgr,1.0,1.0
601,4,10,44,"(4, 10, 44)",idx0:4_idx1:10_idx2:44,445.0,1105.0,influx_cond_condgr,1.0,1.0
602,4,11,42,"(4, 11, 42)",idx0:4_idx1:11_idx2:42,425.0,1095.0,influx_cond_condgr,1.0,1.0
603,4,11,43,"(4, 11, 43)",idx0:4_idx1:11_idx2:43,435.0,1095.0,influx_cond_condgr,1.0,1.0
604,4,12,41,"(4, 12, 41)",idx0:4_idx1:12_idx2:41,415.0,1085.0,influx_cond_condgr,1.0,1.0
605,4,13,39,"(4, 13, 39)",idx0:4_idx1:13_idx2:39,395.0,1075.0,influx_cond_condgr,1.0,1.0
606,4,13,40,"(4, 13, 40)",idx0:4_idx1:13_idx2:40,405.0,1075.0,influx_cond_condgr,1.0,1.0
607,4,14,38,"(4, 14, 38)",idx0:4_idx1:14_idx2:38,385.0,1065.0,influx_cond_condgr,1.0,1.0
608,4,15,36,"(4, 15, 36)",idx0:4_idx1:15_idx2:36,365.0,1055.0,influx_cond_condgr,1.0,1.0
609,4,15,37,"(4, 15, 37)",idx0:4_idx1:15_idx2:37,375.0,1055.0,influx_cond_condgr,1.0,1.0
610,4,16,35,"(4, 16, 35)",idx0:4_idx1:16_idx2:35,355.0,1045.0,influx_cond_condgr,1.0,1.0
611,4,17,33,"(4, 17, 33)",idx0:4_idx1:17_idx2:33,335.0,1035.0,influx_cond_condgr,1.0,1.0
612,4,17,34,"(4, 17, 34)",idx0:4_idx1:17_idx2:34,345.0,1035.0,influx_cond_condgr,1.0,1.0
613,4,18,31,"(4, 18, 31)",idx0:4_idx1:18_idx2:31,315.0,1025.0,influx_cond_condgr,1.0,1.0
614,4,18,32,"(4, 18, 32)",idx0:4_idx1:18_idx2:32,325.0,1025.0,influx_cond_condgr,1.0,1.0
615,4,19,30,"(4, 19, 30)",idx0:4_idx1:19_idx2:30,305.0,1015.0,influx_cond_condgr,1.0,1.0
616,4,20,28,"(4, 20, 28)",idx0:4_idx1:20_idx2:28,285.0,1005.0,influx_cond_condgr,1.0,1.0
617,4,20,29,"(4, 20, 29)",idx0:4_idx1:20_idx2:29,295.0,1005.0,influx_cond_condgr,1.0,1.0
618,4,21,27,"(4, 21, 27)",idx0:4_idx1:21_idx2:27,275.0,995.0,influx_cond_condgr,1.0,1.0
619,4,22,25,"(4, 22, 25)",idx0:4_idx1:22_idx2:25,255.0,985.0,influx_cond_condgr,1.0,1.0
620,4,22,26,"(4, 22, 26)",idx0:4_idx1:22_idx2:26,265.0,985.0,influx_cond_condgr,1.0,1.0
621,4,23,24,"(4, 23, 24)",idx0:4_idx1:23_idx2:24,245.0,975.0,influx_cond_condgr,1.0,1.0
622,4,24,22,"(4, 24, 22)",idx0:4_idx1:24_idx2:22,225.0,965.0,influx_cond_condgr,1.0,1.0
623,4,24,23,"(4, 24, 23)",idx0:4_idx1:24_idx2:23,235.0,965.0,influx_cond_condgr,1.0,1.0
624,4,25,21,"(4, 25, 21)",idx0:4_idx1:25_idx2:21,215.0,955.0,influx_cond_condgr,1.0,1.0
625,4,26,20,"(4, 26, 20)",idx0:4_idx1:26_idx2:20,205.0,945.0,influx_cond_condgr,1.0,1.0
626,4,27,19,"(4, 27, 19)",idx0:4_idx1:27_idx2:19,195.0,935.0,influx_cond_condgr,1.0,1.0
627,4,28,19,"(4, 28, 19)",idx0:4_idx1:28_idx2:19,195.0,925.0,influx_cond_condgr,1.0,1.0
628,4,29,18,"(4, 29, 18)",idx0:4_idx1:29_idx2:18,185.0,915.0,influx_cond_condgr,1.0,1.0
629,4,30,18,"(4, 30, 18)",idx0:4_idx1:30_idx2:18,185.0,905.0,influx_cond_condgr,1.0,1.0
630,4,31,18,"(4, 31, 18)",idx0:4_idx1:31_idx2:18,185.0,895.0,influx_cond_condgr,1.0,1.0
631,4,32,17,"(4, 32, 17)",idx0:4_idx1:32_idx2:17,175.0,885.0,influx_cond_condgr,1.0,1.0
632,4,33,17,"(4, 33, 17)",idx0:4_idx1:33_idx2:17,175.0,875.0,influx_cond_condgr,1.0,1.0
633,4,34,16,"(4, 34, 16)",idx0:4_idx1:34_idx2:16,165.0,865.0,influx_cond_condgr,1.0,1.0
634,4,35,16,"(4, 35, 16)",idx0:4_idx1:35_idx2:16,165.0,855.0,influx_cond_condgr,1.0,1.0
635,4,36,15,"(4, 36, 15)",idx0:4_idx1:36_idx2:15,155.0,845.0,influx_cond_condgr,1.0,1.0
636,4,37,15,"(4, 37, 15)",idx0:4_idx1:37_idx2:15,155.0,835.0,influx_cond_condgr,1.0,1.0
637,4,38,14,"(4, 38, 14)",idx0:4_idx1:38_idx2:14,145.0,825.0,influx_cond_condgr,1.0,1.0
638,4,39,14,"(4, 39, 14)",idx0:4_idx1:39_idx2:14,145.0,815.0,influx_cond_condgr,1.0,1.0
639,4,40,14,"(4, 40, 14)",idx0:4_idx1:40_idx2:14,145.0,805.0,influx_cond_condgr,1.0,1.0
640,4,41,13,"(4, 41, 13)",idx0:4_idx1:41_idx2:13,135.0,795.0,influx_cond_condgr,1.0,1.0
641,4,42,13,"(4, 42, 13)",idx0:4_idx1:42_idx2:13,135.0,785.0,influx_cond_condgr,1.0,1.0
642,4,43,12,"(4, 43, 12)",idx0:4_idx1:43_idx2:12,125.0,775.0,influx_cond_condgr,1.0,1.0
643,4,44,12,"(4, 44, 12)",idx0:4_idx1:44_idx2:12,125.0,765.0,influx_cond_condgr,1.0,1.0
644,4,45,11,"(4, 45, 11)",idx0:4_idx1:45_idx2:11,115.0,755.0,influx_cond_condgr,1.0,1.0
645,4,46,11,"(4, 46, 11)",idx0:4_idx1:46_idx2:11,115.0,745.0,influx_cond_condgr,1.0,1.0
646,4,47,10,"(4, 47, 10)",idx0:4_idx1:47_idx2:10,105.0,735.0,influx_cond_condgr,1.0,1.0
647,4,48,10,"(4, 48, 10)",idx0:4_idx1:48_idx2:10,105.0,725.0,influx_cond_condgr,1.0,1.0
648,4,49,10,"(4, 49, 10)",idx0:4_idx1:49_idx2:10,105.0,715.0,influx_cond_condgr,1.0,1.0
649,4,50,9,"(4, 50, 9)",idx0:4_idx1:50_idx2:9,95.0,705.0,influx_cond_condgr,1.0,1.0
650,4,51,9,"(4, 51, 9)",idx0:4_idx1:51_idx2:9,95.0,695.0,influx_cond_condgr,1.0,1.0
651,4,52,8,"(4, 52, 8)",idx0:4_idx1:52_idx2:8,85.0,685.0,influx_cond_condgr,1.0,1.0
652,4,53,8,"(4, 53, 8)",idx0:4_idx1:53_idx2:8,85.0,675.0,influx_cond_condgr,1.0,1.0
653,4,54,7,"(4, 54, 7)",idx0:4_idx1:54_idx2:7,75.0,665.0,influx_cond_condgr,1.0,1.0
654,4,55,7,"(4, 55, 7)",idx0:4_idx1:55_idx2:7,75.0,655.0,influx_cond_condgr,1.0,1.0
655,4,56,6,"(4, 56, 6)",idx0:4_idx1:56_idx2:6,65.0,645.0,influx_cond_condgr,1.0,1.0
656,4,57,6,"(4, 57, 6)",idx0:4_idx1:57_idx2:6,65.0,635.0,influx_cond_condgr,1.0,1.0
657,4,58,5,"(4, 58, 5)",idx0:4_idx1:58_idx2:5,55.0,625.0,influx_cond_condgr,1.0,1.0
658,4,59,5,"(4, 59, 5)",idx0:4_idx1:59_idx2:5,55.0,615.0,influx_cond_condgr,1.0,1.0
659,4,60,5,"(4, 60, 5)",idx0:4_idx1:60_idx2:5,55.0,605.0,influx_cond_condgr,1.0,1.0
660,4,61,4,"(4, 61, 4)",idx0:4_idx1:61_idx2:4,45.0,595.0,influx_cond_condgr,1.0,1.0
661,4,62,4,"(4, 62, 4)",idx0:4_idx1:62_idx2:4,45.0,585.0,influx_cond_condgr,1.0,1.0
662,4,63,3,"(4, 63, 3)",idx0:4_idx1:63_idx2:3,35.0,575.0,influx_cond_condgr,1.0,1.0
663,4,64,3,"(4, 64, 3)",idx0:4_idx1:64_idx2:3,35.0,565.0,influx_cond_condgr,1.0,1.0
664,4,65,2,"(4, 65, 2)",idx0:4_idx1:65_idx2:2,25.0,555.0,influx_cond_condgr,1.0,1.0
665,4,66,2,"(4, 66, 2)",idx0:4_idx1:66_idx2:2,25.0,545.0,influx_cond_condgr,1.0,1.0
666,4,67,2,"(4, 67, 2)",idx0:4_idx1:67_idx2:2,25.0,535.0,influx_cond_condgr,1.0,1.0
667,4,68,2,"(4, 68, 2)",idx0:4_idx1:68_idx2:2,25.0,525.0,influx_cond_condgr,1.0,1.0
668,4,69,1,"(4, 69, 1)",idx0:4_idx1:69_idx2:1,15.0,515.0,influx_cond_condgr,1.0,1.0
669,4,70,1,"(4, 70, 1)",idx0:4_idx1:70_idx2:1,15.0,505.0,influx_cond_condgr,1.0,1.0
670,4,71,1,"(4, 71, 1)",idx0:4_idx1:71_idx2:1,15.0,495.0,influx_cond_condgr,1.0,1.0
671,4,72,1,"(4, 72, 1)",idx0:4_idx1:72_idx2:1,15.0,485.0,influx_cond_condgr,1.0,1.0
672,4,73,1,"(4, 73, 1)",idx0:4_idx1:73_idx2:1,15.0,475.0,influx_cond_condgr,1.0,1.0
673,4,74,1,"(4, 74, 1)",idx0:4_idx1:74_idx2:1,15.0,465.0,influx_cond_condgr,1.0,1.0
674,4,75,1,"(4, 75, 1)",idx0:4_idx1:75_idx2:1,15.0,455.0,influx_cond_condgr,1.0,1.0
675,4,76,1,"(4, 76, 1)",idx0:4_idx1:76_idx2:1,15.0,445.0,influx_cond_condgr,1.0,1.0
676,4,77,1,"(4, 77, 1)",idx0:4_idx1:77_idx2:1,15.0,435.0,influx_cond_condgr,1.0,1.0
677,4,78,1,"(4, 78, 1)",idx0:4_idx1:78_idx2:1,15.0,425.0,influx_cond_condgr,1.0,1.0
678,4,79,1,"(4, 79, 1)",idx0:4_idx1:79_idx2:1,15.0,415.0,influx_cond_condgr,1.0,1.0
679,4,80,1,"(4, 80, 1)",idx0:4_idx1:80_idx2:1,15.0,405.0,influx_cond_condgr,1.0,1.0
680,4,81,1,"(4, 81, 1)",idx0:4_idx1:81_idx2:1,15.0,395.0,influx_cond_condgr,1.0,1.0
681,4,82,1,"(4, 82, 1)",idx0:4_idx1:82_idx2:1,15.0,385.0,influx_cond_condgr,1.0,1.0
682,4,83,1,"(4, 83, 1)",idx0:4_idx1:83_idx2:1,15.0,375.0,influx_cond_condgr,1.0,1.0
683,4,84,1,"(4, 84, 1)",idx0:4_idx1:84_idx2:1,15.0,365.0,influx_cond_condgr,1.0,1.0
684,4,85,1,"(4, 85, 1)",idx0:4_idx1:85_idx2:1,15.0,355.0,influx_cond_condgr,1.0,1.0
685,4,86,1,"(4, 86, 1)",idx0:4_idx1:86_idx2:1,15.0,345.0,influx_cond_condgr,1.0,1.0
686,4,87,1,"(4, 87, 1)",idx0:4_idx1:87_idx2:1,15.0,335.0,influx_cond_condgr,1.0,1.0
687,4,88,1,"(4, 88, 1)",idx0:4_idx1:88_idx2:1,15.0,325.0,influx_cond_condgr,1.0,1.0
688,4,89,1,"(4, 89, 1)",idx0:4_idx1:89_idx2:1,15.0,315.0,influx_cond_condgr,1.0,1.0
689,4,90,1,"(4, 90, 1)",idx0:4_idx1:90_idx2:1,15.0,305.0,influx_cond_condgr,1.0,1.0
690,4,91,1,"(4, 91, 1)",idx0:4_idx1:91_idx2:1,15.0,295.0,influx_cond_condgr,1.0,1.0
691,4,92,1,"(4, 92, 1)",idx0:4_idx1:92_idx2:1,15.0,285.0,influx_cond_condgr,1.0,1.0
692,4,93,1,"(4, 93, 1)",idx0:4_idx1:93_idx2:1,15.0,275.0,influx_cond_condgr,1.0,1.0
693,4,94,1,"(4, 94, 1)",idx0:4_idx1:94_idx2:1,15.0,265.0,influx_cond_condgr,1.0,1.0
694,4,95,0,"(4, 95, 0)",idx0:4_idx1:95_idx2:0,5.0,255.0,influx_cond_condgr,1.0,1.0
695,4,96,0,"(4, 96, 0)",idx0:4_idx1:96_idx2:0,5.0,245.0,influx_cond_condgr,1.0,1.0
696,4,97,0,"(4, 97, 0)",idx0:4_idx1:97_idx2:0,5.0,235.0,influx_cond_condgr,1.0,1.0
697,4,98,0,"(4, 98, 0)",idx0:4_idx1:98_idx2:0,5.0,225.0,influx_cond_condgr,1.0,1.0
698,4,99,0,"(4, 99, 0)",idx0:4_idx1:99_idx2:0,5.0,215.0,influx_cond_condgr,1.0,1.0
699,4,100,0,"(4, 100, 0)",idx0:4_idx1:100_idx2:0,5.0,205.0,influx_cond_condgr,1.0,1.0
700,4,101,0,"(4, 101, 0)",idx0:4_idx1:101_idx2:0,5.0,195.0,influx_cond_condgr,1.0,1.0
701,4,102,0,"(4, 102, 0)",idx0:4_idx1:102_idx2:0,5.0,185.0,influx_cond_condgr,1.0,1.0
702,4,103,0,"(4, 103, 0)",idx0:4_idx1:103_idx2:0,5.0,175.0,influx_cond_condgr,1.0,1.0
703,4,104,0,"(4, 104, 0)",idx0:4_idx1:104_idx2:0,5.0,165.0,influx_cond_condgr,1.0,1.0
704,4,105,0,"(4, 105, 0)",idx0:4_idx1:105_idx2:0,5.0,155.0,influx_cond_condgr,1.0,1.0
705,5,0,59,"(5, 0, 59)",idx0:5_idx1:0_idx2:59,595.0,1205.0,influx_cond_condgr,1.0,1.0
706,5,0,60,"(5, 0, 60)",idx0:5_idx1:0_idx2:60,605.0,1205.0,influx_cond_condgr,1.0,1.0
707,5,0,61,"(5, 0, 61)",idx0:5_idx1:0_idx2:61,615.0,1205.0,influx_cond_condgr,1.0,1.0
708,5,0,62,"(5, 0, 62)",idx0:5_idx1:0_idx2:62,625.0,1205.0,influx_cond_condgr,1.0,1.0
709,5,0,63,"(5, 0, 63)",idx0:5_idx1:0_idx2:63,635.0,1205.0,influx_cond_condgr,1.0,1.0
710,5,0,64,"(5, 0, 64)",idx0:5_idx1:0_idx2:64,645.0,1205.0,influx_cond_condgr,1.0,1.0
711,5,0,65,"(5, 0, 65)",idx0:5_idx1:0_idx2:65,655.0,1205.0,influx_cond_condgr,1.0,1.0
712,5,0,66,"(5, 0, 66)",idx0:5_idx1:0_idx2:66,665.0,1205.0,influx_cond_condgr,1.0,1.0
713,5,0,67,"(5, 0, 67)",idx0:5_idx1:0_idx2:67,675.0,1205.0,influx_cond_condgr,1.0,1.0
714,5,0,68,"(5, 0, 68)",idx0:5_idx1:0_idx2:68,685.0,1205.0,influx_cond_condgr,1.0,1.0
715,5,0,69,"(5, 0, 69)",idx0:5_idx1:0_idx2:69,695.0,1205.0,influx_cond_condgr,1.0,1.0
716,5,0,70,"(5, 0, 70)",idx0:5_idx1:0_idx2:70,705.0,1205.0,influx_cond_condgr,1.0,1.0
717,5,0,71,"(5, 0, 71)",idx0:5_idx1:0_idx2:71,715.0,1205.0,influx_cond_condgr,1.0,1.0
718,5,0,72,"(5, 0, 72)",idx0:5_idx1:0_idx2:72,725.0,1205.0,influx_cond_condgr,1.0,1.0
719,5,0,73,"(5, 0, 73)",idx0:5_idx1:0_idx2:73,735.0,1205.0,influx_cond_condgr,1.0,1.0
720,5,0,74,"(5, 0, 74)",idx0:5_idx1:0_idx2:74,745.0,1205.0,influx_cond_condgr,1.0,1.0
721,5,0,75,"(5, 0, 75)",idx0:5_idx1:0_idx2:75,755.0,1205.0,influx_cond_condgr,1.0,1.0
722,5,0,76,"(5, 0, 76)",idx0:5_idx1:0_idx2:76,765.0,1205.0,influx_cond_condgr,1.0,1.0
723,5,0,77,"(5, 0, 77)",idx0:5_idx1:0_idx2:77,775.0,1205.0,influx_cond_condgr,1.0,1.0
724,5,0,78,"(5, 0, 78)",idx0:5_idx1:0_idx2:78,785.0,1205.0,influx_cond_condgr,1.0,1.0
725,5,0,79,"(5, 0, 79)",idx0:5_idx1:0_idx2:79,795.0,1205.0,influx_cond_condgr,1.0,1.0
726,5,0,80,"(5, 0, 80)",idx0:5_idx1:0_idx2:80,805.0,1205.0,influx_cond_condgr,1.0,1.0
727,5,0,81,"(5, 0, 81)",idx0:5_idx1:0_idx2:81,815.0,1205.0,influx_cond_condgr,1.0,1.0
728,5,1,58,"(5, 1, 58)",idx0:5_idx1:1_idx2:58,585.0,1195.0,influx_cond_condgr,1.0,1.0
729,5,2,56,"(5, 2, 56)",idx0:5_idx1:2_idx2:56,565.0,1185.0,influx_cond_condgr,1.0,1.0
730,5,2,57,"(5, 2, 57)",idx0:5_idx1:2_idx2:57,575.0,1185.0,influx_cond_condgr,1.0,1.0
731,5,3,55,"(5, 3, 55)",idx0:5_idx1:3_idx2:55,555.0,1175.0,influx_cond_condgr,1.0,1.0
732,5,4,53,"(5, 4, 53)",idx0:5_idx1:4_idx2:53,535.0,1165.0,influx_cond_condgr,1.0,1.0
733,5,4,54,"(5, 4, 54)",idx0:5_idx1:4_idx2:54,545.0,1165.0,influx_cond_condgr,1.0,1.0
734,5,5,52,"(5, 5, 52)",idx0:5_idx1:5_idx2:52,525.0,1155.0,influx_cond_condgr,1.0,1.0
735,5,6,50,"(5, 6, 50)",idx0:5_idx1:6_idx2:50,505.0,1145.0,influx_cond_condgr,1.0,1.0
736,5,6,51,"(5, 6, 51)",idx0:5_idx1:6_idx2:51,515.0,1145.0,influx_cond_condgr,1.0,1.0
737,5,7,48,"(5, 7, 48)",idx0:5_idx1:7_idx2:48,485.0,1135.0,influx_cond_condgr,1.0,1.0
738,5,7,49,"(5, 7, 49)",idx0:5_idx1:7_idx2:49,495.0,1135.0,influx_cond_condgr,1.0,1.0
739,5,8,47,"(5, 8, 47)",idx0:5_idx1:8_idx2:47,475.0,1125.0,influx_cond_condgr,1.0,1.0
740,5,9,45,"(5, 9, 45)",idx0:5_idx1:9_idx2:45,455.0,1115.0,influx_cond_condgr,1.0,1.0
741,5,9,46,"(5, 9, 46)",idx0:5_idx1:9_idx2:46,465.0,1115.0,influx_cond_condgr,1.0,1.0
742,5,10,44,"(5, 10, 44)",idx0:5_idx1:10_idx2:44,445.0,1105.0,influx_cond_condgr,1.0,1.0
743,5,11,42,"(5, 11, 42)",idx0:5_idx1:11_idx2:42,425.0,1095.0,influx_cond_condgr,1.0,1.0
744,5,11,43,"(5, 11, 43)",idx0:5_idx1:11_idx2:43,435.0,1095.0,influx_cond_condgr,1.0,1.0
745,5,12,41,"(5, 12, 41)",idx0:5_idx1:12_idx2:41,415.0,1085.0,influx_cond_condgr,1.0,1.0
746,5,13,39,"(5, 13, 39)",idx0:5_idx1:13_idx2:39,395.0,1075.0,influx_cond_condgr,1.0,1.0
747,5,13,40,"(5, 13, 40)",idx0:5_idx1:13_idx2:40,405.0,1075.0,influx_cond_condgr,1.0,1.0
748,5,14,38,"(5, 14, 38)",idx0:5_idx1:14_idx2:38,385.0,1065.0,influx_cond_condgr,1.0,1.0
749,5,15,36,"(5, 15, 36)",idx0:5_idx1:15_idx2:36,365.0,1055.0,influx_cond_condgr,1.0,1.0
750,5,15,37,"(5, 15, 37)",idx0:5_idx1:15_idx2:37,375.0,1055.0,influx_cond_condgr,1.0,1.0
751,5,16,35,"(5, 16, 35)",idx0:5_idx1:16_idx2:35,355.0,1045.0,influx_cond_condgr,1.0,1.0
752,5,17,33,"(5, 17, 33)",idx0:5_idx1:17_idx2:33,335.0,1035.0,influx_cond_condgr,1.0,1.0
753,5,17,34,"(5, 17, 34)",idx0:5_idx1:17_idx2:34,345.0,1035.0,influx_cond_condgr,1.0,1.0
754,5,18,31,"(5, 18, 31)",idx0:5_idx1:18_idx2:31,315.0,1025.0,influx_cond_condgr,1.0,1.0
755,5,18,32,"(5, 18, 32)",idx0:5_idx1:18_idx2:32,325.0,1025.0,influx_cond_condgr,1.0,1.0
756,5,19,30,"(5, 19, 30)",idx0:5_idx1:19_idx2:30,305.0,1015.0,influx_cond_condgr,1.0,1.0
757,5,20,28,"(5, 20, 28)",idx0:5_idx1:20_idx2:28,285.0,1005.0,influx_cond_condgr,1.0,1.0
758,5,20,29,"(5, 20, 29)",idx0:5_idx1:20_idx2:29,295.0,1005.0,influx_cond_condgr,1.0,1.0
759,5,21,27,"(5, 21, 27)",idx0:5_idx1:21_idx2:27,275.0,995.0,influx_cond_condgr,1.0,1.0
760,5,22,25,"(5, 22, 25)",idx0:5_idx1:22_idx2:25,255.0,985.0,influx_cond_condgr,1.0,1.0
761,5,22,26,"(5, 22, 26)",idx0:5_idx1:22_idx2:26,265.0,985.0,influx_cond_condgr,1.0,1.0
762,5,23,24,"(5, 23, 24)",idx0:5_idx1:23_idx2:24,245.0,975.0,influx_cond_condgr,1.0,1.0
763,5,24,22,"(5, 24, 22)",idx0:5_idx1:24_idx2:22,225.0,965.0,influx_cond_condgr,1.0,1.0
764,5,24,23,"(5, 24, 23)",idx0:5_idx1:24_idx2:23,235.0,965.0,influx_cond_condgr,1.0,1.0
765,5,25,21,"(5, 25, 21)",idx0:5_idx1:25_idx2:21,215.0,955.0,influx_cond_condgr,1.0,1.0
766,5,26,20,"(5, 26, 20)",idx0:5_idx1:26_idx2:20,205.0,945.0,influx_cond_condgr,1.0,1.0
767,5,27,19,"(5, 27, 19)",idx0:5_idx1:27_idx2:19,195.0,935.0,influx_cond_condgr,1.0,1.0
768,5,28,19,"(5, 28, 19)",idx0:5_idx1:28_idx2:19,195.0,925.0,influx_cond_condgr,1.0,1.0
769,5,29,18,"(5, 29, 18)",idx0:5_idx1:29_idx2:18,185.0,915.0,influx_cond_condgr,1.0,1.0
770,5,30,18,"(5, 30, 18)",idx0:5_idx1:30_idx2:18,185.0,905.0,influx_cond_condgr,1.0,1.0
771,5,31,18,"(5, 31, 18)",idx0:5_idx1:31_idx2:18,185.0,895.0,influx_cond_condgr,1.0,1.0
772,5,32,17,"(5, 32, 17)",idx0:5_idx1:32_idx2:17,175.0,885.0,influx_cond_condgr,1.0,1.0
773,5,33,17,"(5, 33, 17)",idx0:5_idx1:33_idx2:17,175.0,875.0,influx_cond_condgr,1.0,1.0
774,5,34,16,"(5, 34, 16)",idx0:5_idx1:34_idx2:16,165.0,865.0,influx_cond_condgr,1.0,1.0
775,5,35,16,"(5, 35, 16)",idx0:5_idx1:35_idx2:16,165.0,855.0,influx_cond_condgr,1.0,1.0
776,5,36,15,"(5, 36, 15)",idx0:5_idx1:36_idx2:15,155.0,845.0,influx_cond_condgr,1.0,1.0
777,5,37,15,"(5, 37, 15)",idx0:5_idx1:37_idx2:15,155.0,835.0,influx_cond_condgr,1.0,1.0
778,5,38,14,"(5, 38, 14)",idx0:5_idx1:38_idx2:14,145.0,825.0,influx_cond_condgr,1.0,1.0
779,5,39,14,"(5, 39, 14)",idx0:5_idx1:39_idx2:14,145.0,815.0,influx_cond_condgr,1.0,1.0
780,5,40,14,"(5, 40, 14)",idx0:5_idx1:40_idx2:14,145.0,805.0,influx_cond_condgr,1.0,1.0
781,5,41,13,"(5, 41, 13)",idx0:5_idx1:41_idx2:13,135.0,795.0,influx_cond_condgr,1.0,1.0
782,5,42,13,"(5, 42, 13)",idx0:5_idx1:42_idx2:13,135.0,785.0,influx_cond_condgr,1.0,1.0
783,5,43,12,"(5, 43, 12)",idx0:5_idx1:43_idx2:12,125.0,775.0,influx_cond_condgr,1.0,1.0
784,5,44,12,"(5, 44, 12)",idx0:5_idx1:44_idx2:12,125.0,765.0,influx_cond_condgr,1.0,1.0
785,5,45,11,"(5, 45, 11)",idx0:5_idx1:45_idx2:11,115.0,755.0,influx_cond_condgr,1.0,1.0
786,5,46,11,"(5, 46, 11)",idx0:5_idx1:46_idx2:11,115.0,745.0,influx_cond_condgr,1.0,1.0
787,5,47,10,"(5, 47, 10)",idx0:5_idx1:47_idx2:10,105.0,735.0,influx_cond_condgr,1.0,1.0
788,5,48,10,"(5, 48, 10)",idx0:5_idx1:48_idx2:10,105.0,725.0,influx_cond_condgr,1.0,1.0
789,5,49,10,"(5, 49, 10)",idx0:5_idx1:49_idx2:10,105.0,715.0,influx_cond_condgr,1.0,1.0
790,5,50,9,"(5, 50, 9)",idx0:5_idx1:50_idx2:9,95.0,705.0,influx_cond_condgr,1.0,1.0
791,5,51,9,"(5, 51, 9)",idx0:5_idx1:51_idx2:9,95.0,695.0,influx_cond_condgr,1.0,1.0
792,5,52,8,"(5, 52, 8)",idx0:5_idx1:52_idx2:8,85.0,685.0,influx_cond_condgr,1.0,1.0
793,5,53,8,"(5, 53, 8)",idx0:5_idx1:53_idx2:8,85.0,675.0,influx_cond_condgr,1.0,1.0
794,5,54,7,"(5, 54, 7)",idx0:5_idx1:54_idx2:7,75.0,665.0,influx_cond_condgr,1.0,1.0
795,5,55,7,"(5, 55, 7)",idx0:5_idx1:55_idx2:7,75.0,655.0,influx_cond_condgr,1.0,1.0
796,5,56,6,"(5, 56, 6)",idx0:5_idx1:56_idx2:6,65.0,645.0,influx_cond_condgr,1.0,1.0
797,5,57,6,"(5, 57, 6)",idx0:5_idx1:57_idx2:6,65.0,635.0,influx_cond_condgr,1.0,1.0
798,5,58,5,"(5, 58, 5)",idx0:5_idx1:58_idx2:5,55.0,625.0,influx_cond_condgr,1.0,1.0
799,5,59,5,"(5, 59, 5)",idx0:5_idx1:59_idx2:5,55.0,615.0,influx_cond_condgr,1.0,1.0
800,5,60,5,"(5, 60, 5)",idx0:5_idx1:60_idx2:5,55.0,605.0,influx_cond_condgr,1.0,1.0
801,5,61,4,"(5, 61, 4)",idx0:5_idx1:61_idx2:4,45.0,595.0,influx_cond_condgr,1.0,1.0
802,5,62,4,"(5, 62, 4)",idx0:5_idx1:62_idx2:4,45.0,585.0,influx_cond_condgr,1.0,1.0
803,5,63,3,"(5, 63, 3)",idx0:5_idx1:63_idx2:3,35.0,575.0,influx_cond_condgr,1.0,1.0
804,5,64,3,"(5, 64, 3)",idx0:5_idx1:64_idx2:3,35.0,565.0,influx_cond_condgr,1.0,1.0
805,5,65,2,"(5, 65, 2)",idx0:5_idx1:65_idx2:2,25.0,555.0,influx_cond_condgr,1.0,1.0
806,5,66,2,"(5, 66, 2)",idx0:5_idx1:66_idx2:2,25.0,545.0,influx_cond_condgr,1.0,1.0
807,5,67,2,"(5, 67, 2)",idx0:5_idx1:67_idx2:2,25.0,535.0,influx_cond_condgr,1.0,1.0
808,5,68,2,"(5, 68, 2)",idx0:5_idx1:68_idx2:2,25.0,525.0,influx_cond_condgr,1.0,1.0
809,5,69,1,"(5, 69, 1)",idx0:5_idx1:69_idx2:1,15.0,515.0,influx_cond_condgr,1.0,1.0
810,5,70,1,"(5, 70, 1)",idx0:5_idx1:70_idx2:1,15.0,505.0,influx_cond_condgr,1.0,1.0
811,5,71,1,"(5, 71, 1)",idx0:5_idx1:71_idx2:1,15.0,495.0,influx_cond_condgr,1.0,1.0
812,5,72,1,"(5, 72, 1)",idx0:5_idx1:72_idx2:1,15.0,485.0,influx_cond_condgr,1.0,1.0
813,5,73,1,"(5, 73, 1)",idx0:5_idx1:73_idx2:1,15.0,475.0,influx_cond_condgr,1.0,1.0
814,5,74,1,"(5, 74, 1)",idx0:5_idx1:74_idx2:1,15.0,465.0,influx_cond_condgr,1.0,1.0
815,5,75,1,"(5, 75, 1)",idx0:5_idx1:75_idx2:1,15.0,455.0,influx_cond_condgr,1.0,1.0
816,5,76,1,"(5, 76, 1)",idx0:5_idx1:76_idx2:1,15.0,445.0,influx_cond_condgr,1.0,1.0
817,5,77,1,"(5, 77, 1)",idx0:5_idx1:77_idx2:1,15.0,435.0,influx_cond_condgr,1.0,1.0
818,5,78,1,"(5, 78, 1)",idx0:5_idx1:78_idx2:1,15.0,425.0,influx_cond_condgr,1.0,1.0
819,5,79,1,"(5, 79, 1)",idx0:5_idx1:79_idx2:1,15.0,415.0,influx_cond_condgr,1.0,1.0
820,5,80,1,"(5, 80, 1)",idx0:5_idx1:80_idx2:1,15.0,405.0,influx_cond_condgr,1.0,1.0
821,5,81,1,"(5, 81, 1)",idx0:5_idx1:81_idx2:1,15.0,395.0,influx_cond_condgr,1.0,1.0
822,5,82,1,"(5, 82, 1)",idx0:5_idx1:82_idx2:1,15.0,385.0,influx_cond_condgr,1.0,1.0
823,5,83,1,"(5, 83, 1)",idx0:5_idx1:83_idx2:1,15.0,375.0,influx_cond_condgr,1.0,1.0
824,5,84,1,"(5, 84, 1)",idx0:5_idx1:84_idx2:1,15.0,365.0,influx_cond_condgr,1.0,1.0
825,5,85,1,"(5, 85, 1)",idx0:5_idx1:85_idx2:1,15.0,355.0,influx_cond_condgr,1.0,1.0
826,5,86,1,"(5, 86, 1)",idx0:5_idx1:86_idx2:1,15.0,345.0,influx_cond_condgr,1.0,1.0
827,5,87,1,"(5, 87, 1)",idx0:5_idx1:87_idx2:1,15.0,335.0,influx_cond_condgr,1.0,1.0
828,5,88,1,"(5, 88, 1)",idx0:5_idx1:88_idx2:1,15.0,325.0,influx_cond_condgr,1.0,1.0
829,5,89,1,"(5, 89, 1)",idx0:5_idx1:89_idx2:1,15.0,315.0,influx_cond_condgr,1.0,1.0
830,5,90,1,"(5, 90, 1)",idx0:5_idx1:90_idx2:1,15.0,305.0,influx_cond_condgr,1.0,1.0
831,5,91,1,"(5, 91, 1)",idx0:5_idx1:91_idx2:1,15.0,295.0,influx_cond_condgr,1.0,1.0
832,5,92,1,"(5, 92, 1)",idx0:5_idx1:92_idx2:1,15.0,285.0,influx_cond_condgr,1.0,1.0
833,5,93,1,"(5, 93, 1)",idx0:5_idx1:93_idx2:1,15.0,275.0,influx_cond_condgr,1.0,1.0
834,5,94,1,"(5, 94, 1)",idx0:5_idx1:94_idx2:1,15.0,265.0,influx_cond_condgr,1.0,1.0
835,5,95,0,"(5, 95, 0)",idx0:5_idx1:95_idx2:0,5.0,255.0,influx_cond_condgr,1.0,1.0
836,5,96,0,"(5, 96, 0)",idx0:5_idx1:96_idx2:0,5.0,245.0,influx_cond_condgr,1.0,1.0
837,5,97,0,"(5, 97, 0)",idx0:5_idx1:97_idx2:0,5.0,235.0,influx_cond_condgr,1.0,1.0
838,5,98,0,"(5, 98, 0)",idx0:5_idx1:98_idx2:0,5.0,225.0,influx_cond_condgr,1.0,1.0
839,5,99,0,"(5, 99, 0)",idx0:5_idx1:99_idx2:0,5.0,215.0,influx_cond_condgr,1.0,1.0
840,5,100,0,"(5, 100, 0)",idx0:5_idx1:100_idx2:0,5.0,205.0,influx_cond_condgr,1.0,1.0
841,5,101,0,"(5, 101, 0)",idx0:5_idx1:101_idx2:0,5.0,195.0,influx_cond_condgr,1.0,1.0
842,5,102,0,"(5, 102, 0)",idx0:5_idx1:102_idx2:0,5.0,185.0,influx_cond_condgr,1.0,1.0
843,5,103,0,"(5, 103, 0)",idx0:5_idx1:103_idx2:0,5.0,175.0,influx_cond_condgr,1.0,1.0
844,5,104,0,"(5, 104, 0)",idx0:5_idx1:104_idx2:0,5.0,165.0,influx_cond_condgr,1.0,1.0
845,5,105,0,"(5, 105, 0)",idx0:5_idx1:105_idx2:0,5.0,155.0,influx_cond_condgr,1.0,1.0
